,test_result,test_data
0,4.15652561188,4.0
1,4.00887298584,3.96000003815
2,4.16973876953,3.96000003815
3,4.02530384064,3.93000006676
4,3.79505825043,3.93000006676
5,3.69266986847,3.92000007629
6,4.15919876099,3.95000004768
7,3.94161891937,3.94000005722
8,3.84225988388,3.96000003815
9,3.53828477859,3.93000006676
10,3.75127983093,3.93000006676
11,3.65998029709,3.94000005722
12,3.76559686661,3.95000004768
13,3.88947343826,3.98000001907
14,4.23279190063,3.99000000954
15,4.10093402863,4.09999990463
16,3.78934049606,4.13000011444
17,3.92019987106,4.11000013351
18,3.84077262878,4.07000017166
19,3.91029930115,4.07000017166
20,4.03651809692,4.05000019073
21,4.24003124237,4.01000022888
22,4.39269351959,4.05000019073
23,4.32370138168,4.07000017166
24,3.98227643967,4.05000019073
25,3.99518442154,4.01999998093
26,3.77478742599,4.01999998093
27,4.0301733017,4.05000019073
28,4.14949607849,4.07999992371
29,4.42927646637,4.07999992371
30,4.03687906265,4.07999992371
31,3.68594646454,4.09000015259
32,4.28801441193,4.07000017166
33,3.91377878189,3.97000002861
34,3.66550445557,3.8900001049
35,4.04965162277,3.92000007629
36,4.37944316864,3.92000007629
37,4.25277662277,3.88000011444
38,4.33388376236,3.8599998951
39,4.18450737,3.8599998951
40,4.13192939758,3.8599998951
41,4.50890684128,3.80999994278
42,3.78255605698,3.76999998093
43,3.74403095245,3.75999999046
44,4.18758773804,3.79999995232
45,3.44755554199,3.81999993324
46,3.78974819183,3.76999998093
47,4.10165882111,3.78999996185
48,3.96909570694,3.74000000954
49,3.74348020554,3.73000001907
50,3.87225675583,3.73000001907
51,3.63679981232,3.74000000954
52,3.49826192856,3.75
53,3.94855546951,3.79999995232
54,3.33634662628,3.78999996185
55,3.2893280983,3.79999995232
56,4.20695066452,3.78999996185
57,3.78737926483,3.75999999046
58,3.4204158783,3.74000000954
59,3.88849496841,3.72000002861
60,3.64214944839,3.72000002861
61,3.71022081375,3.72000002861
62,3.50016260147,3.73000001907
63,3.71724224091,3.70000004768
64,3.31722402573,3.6400001049
65,3.38983821869,3.55999994278
66,3.36984586716,3.58999991417
67,3.47039318085,3.57999992371
68,3.174741745,3.66000008583
69,3.53311729431,3.63000011444
70,3.44882154465,3.6400001049
71,3.56278419495,3.6400001049
72,3.53550004959,3.66000008583
73,3.52260303497,3.6400001049
74,3.45149993896,3.58999991417
75,3.61491775513,3.6099998951
76,3.33658599854,3.6099998951
77,3.58729505539,3.6400001049
78,3.45707893372,3.63000011444
79,3.61512804031,3.6099998951
80,3.63197612762,3.5
81,3.7200255394,3.47000002861
82,3.65619182587,3.44000005722
83,3.38806152344,3.48000001907
84,3.31091356277,3.49000000954
85,3.53922986984,3.5
86,3.55320978165,3.48000001907
87,3.61508131027,3.49000000954
88,3.84305000305,3.5
89,3.58541631699,3.48000001907
90,3.48516178131,3.49000000954
91,3.71423530579,3.46000003815
92,3.50153303146,3.47000002861
93,3.81006145477,3.47000002861
94,3.55059051514,3.47000002861
95,3.79295730591,3.48000001907
96,3.72008895874,3.48000001907
97,3.40653324127,3.47000002861
98,3.77253627777,3.46000003815
99,3.79929494858,3.46000003815
100,3.69949293137,3.45000004768
101,4.02302789688,3.43000006676
102,3.90627193451,3.42000007629
103,3.89713096619,3.44000005722
104,4.2185344696,3.43000006676
105,4.30504083633,3.40000009537
106,4.08247232437,3.38000011444
107,4.06288385391,3.40000009537
108,3.73829078674,3.42000007629
109,4.05037975311,3.40000009537
110,4.013276577,3.41000008583
111,4.34867238998,3.42000007629
112,4.22632598877,3.40000009537
113,4.39887952805,3.40000009537
114,4.07670974731,3.38000011444
115,4.1063451767,3.38000011444
116,3.73485088348,3.38000011444
117,3.97511816025,3.38000011444
118,4.29963493347,3.38000011444
119,4.01456642151,3.40000009537
120,4.23076725006,3.41000008583
121,3.84069919586,3.43000006676
122,4.38162088394,3.44000005722
123,4.47110128403,3.44000005722
124,4.04501008987,3.48000001907
125,4.3078083992,3.48000001907
126,4.1404800415,3.50999999046
127,4.16119146347,3.53999996185
128,4.0900349617,3.51999998093
129,3.91385698318,3.50999999046
130,3.90800666809,3.51999998093
131,4.22301387787,3.52999997139
132,3.82753038406,3.53999996185
133,3.43352460861,3.53999996185
134,3.94235277176,3.50999999046
135,3.90604734421,3.51999998093
136,3.67525148392,3.52999997139
137,3.86687326431,3.52999997139
138,4.45805263519,3.51999998093
139,3.84961414337,3.54999995232
140,3.8402261734,3.54999995232
141,4.07026529312,3.52999997139
142,3.91211986542,3.54999995232
143,3.57558774948,3.55999994278
144,4.014772892,3.55999994278
145,3.54529571533,3.54999995232
146,3.93587350845,3.52999997139
147,4.1681933403,3.52999997139
148,3.68570899963,3.53999996185
149,4.2046661377,3.51999998093
150,4.78339576721,3.53999996185
151,3.35291194916,3.54999995232
152,3.77124404907,3.55999994278
153,4.21466302872,3.54999995232
154,4.352186203,3.55999994278
155,4.16567754745,3.55999994278
156,3.9115858078,3.55999994278
157,3.32946586609,3.54999995232
158,4.33385848999,3.52999997139
159,3.68961572647,3.51999998093
160,4.30260133743,3.53999996185
161,4.33913516998,3.51999998093
162,3.83326292038,3.50999999046
163,3.61455011368,3.50999999046
164,3.22811508179,3.5
165,4.19376039505,3.51999998093
166,3.61027956009,3.51999998093
167,3.88286161423,3.51999998093
168,3.19480657578,3.53999996185
169,3.36993503571,3.53999996185
170,3.20941638947,3.52999997139
171,3.20747756958,3.53999996185
172,3.23879051208,3.52999997139
173,3.22987985611,3.52999997139
174,2.97680950165,3.52999997139
175,3.09511041641,3.53999996185
176,3.28741502762,3.54999995232
177,3.06591176987,3.53999996185
178,3.0431599617,3.53999996185
179,3.05201816559,3.52999997139
180,3.23302030563,3.53999996185
181,3.11102437973,3.53999996185
182,2.95698165894,3.53999996185
183,3.07452821732,3.53999996185
184,3.06192207336,3.53999996185
185,2.97142314911,3.54999995232
186,2.88693904877,3.54999995232
187,2.83077383041,3.54999995232
188,3.18510103226,3.54999995232
189,2.91039466858,3.53999996185
190,2.83817911148,3.52999997139
191,2.95739650726,3.49000000954
192,3.00842809677,3.45000004768
193,2.98338603973,3.41000008583
194,2.94340324402,3.3599998951
195,2.81842184067,3.41000008583
196,3.02608537674,3.3599998951
197,3.21646404266,3.3900001049
198,2.81711244583,3.3900001049
199,2.904920578,3.38000011444
200,2.98305177689,3.3599998951
201,3.26394796371,3.29999995232
202,3.37919187546,3.33999991417
203,3.12114524841,3.36999988556
204,2.82593536377,3.38000011444
205,3.33831357956,3.33999991417
206,3.0314078331,3.33999991417
207,2.92641115189,3.34999990463
208,2.92988681793,3.3599998951
209,2.9682674408,3.3599998951
210,2.92013072968,3.38000011444
211,2.901512146,3.30999994278
212,3.15075588226,3.34999990463
213,3.12814188004,3.36999988556
214,3.22292232513,3.3900001049
215,3.1327996254,3.40000009537
216,3.23382616043,3.3900001049
217,3.01274728775,3.41000008583
218,3.39539432526,3.41000008583
219,3.04641199112,3.41000008583
220,3.09723949432,3.40000009537
221,2.98675012589,3.40000009537
222,3.12448787689,3.36999988556
223,3.01903581619,3.36999988556
224,2.98690986633,3.32999992371
225,3.20284795761,3.32999992371
226,3.14486169815,3.32999992371
227,3.30306959152,3.33999991417
228,3.02517414093,3.31999993324
229,3.16014289856,3.31999993324
230,3.12171602249,3.31999993324
231,3.08413171768,3.29999995232
232,3.18779563904,3.26999998093
233,3.09838628769,3.25
234,2.95114850998,3.24000000954
235,3.09352827072,3.25
236,3.23864841461,3.25999999046
237,3.42908287048,3.27999997139
238,2.87592458725,3.28999996185
239,2.98800897598,3.28999996185
240,2.96769618988,3.28999996185
241,3.15579938889,3.27999997139
242,3.12929439545,3.27999997139
243,3.11674499512,3.27999997139
244,2.70222139359,3.27999997139
245,3.15226554871,3.27999997139
246,3.01192045212,3.27999997139
247,2.81159496307,3.27999997139
248,3.00739002228,3.28999996185
249,3.02194452286,3.28999996185
250,2.99629974365,3.28999996185
251,3.10662078857,3.28999996185
252,3.05227661133,3.30999994278
253,3.23166179657,3.32999992371
254,3.02023506165,3.34999990463
255,3.27164316177,3.29999995232
256,3.23040723801,3.27999997139
257,3.18829202652,3.29999995232
258,3.30986452103,3.30999994278
259,3.22261571884,3.33999991417
260,3.26591682434,3.34999990463
261,3.10646247864,3.32999992371
262,3.23963356018,3.3599998951
263,3.24143457413,3.3599998951
264,3.28169870377,3.3900001049
265,3.42069530487,3.36999988556
266,3.45687532425,3.33999991417
267,3.44632387161,3.34999990463
268,3.61143350601,3.3599998951
269,3.18636512756,3.3900001049
270,3.53826618195,3.3900001049
271,3.51625013351,3.3900001049
272,3.57453346252,3.40000009537
273,3.31679868698,3.38000011444
274,3.48215436935,3.3900001049
275,3.46071338654,3.40000009537
276,3.65526437759,3.42000007629
277,3.78647279739,3.46000003815
278,3.46317863464,3.47000002861
279,3.6993689537,3.49000000954
280,3.75067710876,3.48000001907
281,3.3738284111,3.54999995232
282,3.53152275085,3.56999993324
283,3.44489097595,3.51999998093
284,3.41120243073,3.51999998093
285,3.40709447861,3.51999998093
286,3.43502521515,3.5
287,3.63746643066,3.5
288,3.74049806595,3.47000002861
289,3.66595554352,3.44000005722
290,3.61430311203,3.45000004768
291,3.84375524521,3.46000003815
292,3.43567895889,3.46000003815
293,4.13557481766,3.48000001907
294,3.42857980728,3.49000000954
295,3.64884805679,3.5
296,3.74916887283,3.5
297,3.58774185181,3.48000001907
298,3.47025775909,3.47000002861
299,3.5872759819,3.49000000954
300,3.359167099,3.5
301,3.49076890945,3.51999998093
302,3.70673179626,3.53999996185
303,3.55395460129,3.52999997139
304,3.67788219452,3.54999995232
305,3.8299407959,3.54999995232
306,3.22952270508,3.56999993324
307,3.53875112534,3.56999993324
308,3.60373449326,3.56999993324
309,3.90525007248,3.55999994278
310,3.76053380966,3.56999993324
311,3.52307987213,3.59999990463
312,3.07870817184,3.58999991417
313,3.21265363693,3.58999991417
314,3.49110364914,3.57999992371
315,3.57551240921,3.55999994278
316,3.37152338028,3.55999994278
317,3.32136154175,3.55999994278
318,3.47437286377,3.55999994278
319,3.731798172,3.54999995232
320,3.38554000854,3.53999996185
321,3.3543419838,3.52999997139
322,3.82151699066,3.50999999046
323,3.63159990311,3.5
324,3.30476140976,3.50999999046
325,3.59581232071,3.51999998093
326,3.33681440353,3.53999996185
327,3.49755048752,3.53999996185
328,3.54195833206,3.54999995232
329,3.60675430298,3.55999994278
330,3.36306333542,3.54999995232
331,3.65249538422,3.52999997139
332,3.25806522369,3.52999997139
333,3.87238883972,3.53999996185
334,3.40773391724,3.54999995232
335,3.85141658783,3.55999994278
336,3.69136810303,3.55999994278
337,3.66670227051,3.56999993324
338,3.36268520355,3.56999993324
339,3.46796274185,3.56999993324
340,4.02887630463,3.56999993324
341,3.51422119141,3.55999994278
342,3.55595541,3.57999992371
343,3.80526924133,3.57999992371
344,3.92549848557,3.57999992371
345,3.54253196716,3.58999991417
346,3.5235991478,3.6099998951
347,3.90982437134,3.6099998951
348,3.75322294235,3.59999990463
349,3.86754274368,3.59999990463
350,3.759516716,3.58999991417
351,3.89580011368,3.57999992371
352,3.75815486908,3.57999992371
353,3.74875736237,3.56999993324
354,3.67238998413,3.6099998951
355,4.10203552246,3.59999990463
356,3.76971006393,3.59999990463
357,3.73358345032,3.59999990463
358,3.65212774277,3.58999991417
359,3.60129499435,3.57999992371
360,3.81514024734,3.59999990463
361,3.88876867294,3.59999990463
362,3.57598018646,3.59999990463
363,3.82293605804,3.59999990463
364,3.52376890182,3.59999990463
365,3.595723629,3.59999990463
366,3.7863612175,3.57999992371
367,3.55163383484,3.56999993324
368,3.96846532822,3.56999993324
369,4.36741352081,3.56999993324
370,3.21130800247,3.57999992371
371,3.63564014435,3.57999992371
372,3.7911324501,3.59999990463
373,3.48446750641,3.6099998951
374,4.06921720505,3.6099998951
375,3.45515203476,3.6099998951
376,3.83014202118,3.59999990463
377,3.50971984863,3.59999990463
378,3.94801950455,3.58999991417
379,3.50374698639,3.58999991417
380,4.1303896904,3.58999991417
381,3.41032791138,3.58999991417
382,3.95551395416,3.58999991417
383,3.67639541626,3.57999992371
384,3.8152794838,3.58999991417
385,3.48750400543,3.58999991417
386,4.11586523056,3.55999994278
387,3.45648050308,3.55999994278
388,3.55696296692,3.56999993324
389,3.54200649261,3.57999992371
390,3.37997341156,3.58999991417
391,3.55507087708,3.58999991417
392,4.07797908783,3.59999990463
393,4.31825304031,3.58999991417
394,3.76363420486,3.57999992371
395,3.79951715469,3.57999992371
396,4.10562515259,3.57999992371
397,3.40073537827,3.57999992371
398,3.54435539246,3.57999992371
399,3.96009349823,3.57999992371
400,4.15951299667,3.58999991417
401,3.71655035019,3.58999991417
402,3.91592359543,3.58999991417
403,4.06894922256,3.58999991417
404,3.76227998734,3.59999990463
405,3.82657146454,3.58999991417
406,4.08054924011,3.56999993324
407,4.25883293152,3.57999992371
408,4.02406835556,3.57999992371
409,4.10192966461,3.57999992371
410,3.78992366791,3.56999993324
411,4.25254154205,3.55999994278
412,4.09471511841,3.54999995232
413,3.6691570282,3.53999996185
414,4.04344844818,3.52999997139
415,3.92940330505,3.50999999046
416,4.27215576172,3.5
417,4.34429597855,3.5
418,3.99603128433,3.49000000954
419,3.93063259125,3.49000000954
420,3.78422498703,3.47000002861
421,3.2715845108,3.46000003815
422,3.94799947739,3.47000002861
423,3.72713279724,3.47000002861
424,3.89336776733,3.44000005722
425,3.92894744873,3.40000009537
426,3.95164012909,3.41000008583
427,3.94511079788,3.44000005722
428,3.83857059479,3.45000004768
429,3.75394773483,3.49000000954
430,4.02590465546,3.46000003815
431,3.62881469727,3.45000004768
432,4.03748750687,3.43000006676
433,3.8568072319,3.43000006676
434,4.30787181854,3.43000006676
435,3.65187644958,3.43000006676
436,3.88348674774,3.41000008583
437,3.78624248505,3.42000007629
438,4.16374731064,3.44000005722
439,3.71511077881,3.43000006676
440,4.09621858597,3.43000006676
441,3.85291957855,3.43000006676
442,3.81854295731,3.42000007629
443,3.85466480255,3.42000007629
444,3.55243825912,3.42000007629
445,4.02216291428,3.42000007629
446,3.78719997406,3.42000007629
447,3.74104690552,3.42000007629
448,3.79342269897,3.43000006676
449,3.74569988251,3.43000006676
450,3.84355068207,3.42000007629
451,3.77884674072,3.41000008583
452,4.08840036392,3.42000007629
453,3.64726829529,3.42000007629
454,3.58634233475,3.42000007629
455,4.1349272728,3.43000006676
456,3.66261768341,3.43000006676
457,3.96577358246,3.44000005722
458,3.72731113434,3.45000004768
459,3.8139333725,3.46000003815
460,3.94778680801,3.46000003815
461,3.58410835266,3.47000002861
462,3.57470464706,3.48000001907
463,3.8539891243,3.48000001907
464,3.67446899414,3.45000004768
465,3.61033916473,3.46000003815
466,3.57220983505,3.47000002861
467,3.49911594391,3.48000001907
468,3.34619569778,3.48000001907
469,3.68196868896,3.54999995232
470,3.3788394928,3.70000004768
471,3.78513431549,3.59999990463
472,3.55755138397,3.59999990463
473,3.64036464691,3.59999990463
474,3.43230628967,3.54999995232
475,3.61664199829,3.51999998093
476,3.70164632797,3.50999999046
477,3.6824889183,3.51999998093
478,3.78346014023,3.51999998093
479,3.78402376175,3.52999997139
480,3.46638536453,3.50999999046
481,3.4861907959,3.50999999046
482,3.77743053436,3.51999998093
483,3.96847677231,3.51999998093
484,3.61386346817,3.57999992371
485,3.93376588821,3.58999991417
486,3.84812164307,3.59999990463
487,3.68644666672,3.6099998951
488,3.99755811691,3.61999988556
489,3.80316495895,3.67000007629
490,4.09710741043,3.69000005722
491,4.02674198151,3.71000003815
492,3.74334001541,3.74000000954
493,3.62616205215,3.75999999046
494,3.68579721451,3.79999995232
495,3.88883495331,3.71000003815
496,3.81968355179,3.72000002861
497,3.96776437759,3.72000002861
498,3.55900478363,3.72000002861
499,3.77873325348,3.72000002861
500,3.72342967987,3.71000003815
501,3.82883739471,3.70000004768
502,3.96927404404,3.71000003815
503,3.84906244278,3.72000002861
504,3.74062776566,3.76999998093
505,4.22890996933,3.84999990463
506,4.15145301819,3.83999991417
507,4.07497787476,3.84999990463
508,3.98100996017,3.93000006676
509,4.32084846497,3.95000004768
510,4.03185558319,3.96000003815
511,4.19613647461,3.94000005722
512,4.28708648682,4.01000022888
513,3.7572221756,4.09000015259
514,4.09091711044,4.03999996185
515,3.73000097275,4.03000020981
516,4.23603105545,3.99000000954
517,3.74683666229,3.96000003815
518,3.78510284424,3.97000002861
519,4.00319099426,4.01999998093
520,4.16698980331,4.03000020981
521,3.81812524796,4.03999996185
522,3.70529079437,4.03999996185
523,3.85975313187,4.03999996185
524,3.94331979752,4.05999994278
525,3.95771789551,4.05999994278
526,3.62131595612,4.05000019073
527,4.01432991028,4.05999994278
528,3.93797111511,4.07000017166
529,3.98244380951,4.13000011444
530,3.82454633713,4.13000011444
531,4.00049352646,4.13999986649
532,4.184923172,4.11999988556
533,3.94941043854,4.07000017166
534,3.91096925735,4.05000019073
535,3.893638134,4.05000019073
536,4.12189817429,3.99000000954
537,4.07322978973,4.01000022888
538,3.66825866699,4.01999998093
539,4.0857462883,4.01999998093
540,4.38567209244,3.99000000954
541,3.70871496201,4.0
542,4.05835485458,4.0
543,3.62888240814,4.0
544,3.94543790817,4.0
545,4.02210426331,3.99000000954
546,4.12798261642,4.03000020981
547,4.21490478516,4.01999998093
548,3.65961933136,4.03000020981
549,3.6952381134,4.03000020981
550,3.82931137085,4.07000017166
551,3.74221372604,4.07999992371
552,3.51152658463,4.09999990463
553,3.81320095062,4.09999990463
554,3.69493722916,4.11000013351
555,3.76552629471,4.11000013351
556,3.90137958527,4.13000011444
557,3.6120929718,4.15000009537
558,3.91972398758,4.19000005722
559,3.80218982697,4.21000003815
560,3.76195478439,4.19999980927
561,3.73861265182,4.21999979019
562,3.92049264908,4.21999979019
563,3.78461551666,4.17999982834
564,3.78501653671,4.15999984741
565,3.60206270218,4.17000007629
566,4.00560903549,4.21000003815
567,3.91469764709,4.21999979019
568,3.76210021973,4.28999996185
569,3.90558385849,4.32000017166
570,3.63468599319,4.40000009537
571,3.34262180328,4.40999984741
572,3.6855711937,4.46000003815
573,3.6423664093,4.5
574,4.07278347015,4.59999990463
575,4.37515449524,4.65999984741
576,4.1247677803,4.67000007629
577,3.86908102036,4.71999979019
578,4.07805013657,4.69999980927
579,4.283659935,4.65000009537
580,3.99346351624,4.61999988556
581,4.14593029022,4.61000013351
582,3.99703502655,4.55000019073
583,4.3035197258,4.42999982834
584,3.92090845108,4.36000013351
585,4.27614974976,4.48000001907
586,4.22766876221,4.44000005722
587,3.8801150322,4.42999982834
588,4.2491736412,4.5
589,4.59076213837,4.51999998093
590,4.30592298508,4.53999996185
591,4.17546749115,4.59999990463
592,4.53768587112,4.61999988556
593,4.15021467209,4.59000015259
594,4.47188663483,4.53999996185
595,4.48939085007,4.55000019073
596,4.14000654221,4.55999994278
597,4.59946489334,4.57999992371
598,4.80443620682,4.59999990463
599,4.59409666061,4.59999990463
600,5.25331020355,4.59999990463
601,4.60041713715,4.55999994278
602,4.82573080063,4.57000017166
603,3.73784923553,4.55999994278
604,5.01064586639,4.53999996185
605,4.46072530746,4.53999996185
606,4.50942850113,4.55000019073
607,4.45325565338,4.59999990463
608,4.95614385605,4.63999986649
609,4.60573101044,4.65999984741
610,4.66375160217,4.63999986649
611,4.31031703949,4.59000015259
612,4.42489337921,4.59999990463
613,4.46253395081,4.59999990463
614,4.32302331924,4.59999990463
615,4.69472360611,4.59999990463
616,4.03403234482,4.55000019073
617,4.59193515778,4.59000015259
618,3.95597553253,4.59999990463
619,4.35340881348,4.59000015259
620,4.67606639862,4.53999996185
621,4.06314134598,4.5
622,4.91853475571,4.48000001907
623,5.08784246445,4.51000022888
624,4.94757986069,4.48000001907
625,4.8107380867,4.48000001907
626,4.50261211395,4.5
627,4.73692274094,4.51000022888
628,5.09386396408,4.5
629,4.85214138031,4.5
630,5.02410936356,4.48000001907
631,5.15970849991,4.46999979019
632,5.20587205887,4.48000001907
633,5.26113557816,4.48999977112
634,4.71205377579,4.48000001907
635,4.63714408875,4.48000001907
636,4.43065071106,4.48000001907
637,4.14535427094,4.51000022888
638,4.67026185989,4.53999996185
639,4.95991373062,4.55000019073
640,5.0745344162,4.53000020981
641,4.77144098282,4.51999998093
642,5.00525522232,4.48000001907
643,5.03511810303,4.42999982834
644,4.99834299088,4.44999980927
645,4.71979284286,4.38999986649
646,4.97801017761,4.42999982834
647,4.926612854,4.46000003815
648,4.98748350143,4.5
649,5.03331422806,4.51999998093
650,4.94746685028,4.51000022888
651,5.01911687851,4.51000022888
652,5.13473653793,4.5
653,5.27976942062,4.51000022888
654,3.68008804321,4.5
655,4.09660053253,4.5
656,4.07482862473,4.48999977112
657,4.41678524017,4.48000001907
658,3.66831445694,4.51000022888
659,4.07110214233,4.51000022888
660,4.15965127945,4.51999998093
661,4.36018371582,4.5
662,4.4137468338,4.51000022888
663,4.40829372406,4.51999998093
664,4.70814800262,4.5
665,4.48744916916,4.51000022888
666,4.55132675171,4.51000022888
667,4.30189180374,4.5
668,4.30459690094,4.5
669,4.34607934952,4.48999977112
670,3.8839225769,4.48999977112
671,4.26025390625,4.48999977112
672,4.4565038681,4.44999980927
673,4.55980396271,4.48000001907
674,4.58593606949,4.46000003815
675,4.42369222641,4.44999980927
676,4.57232189178,4.42000007629
677,3.80693101883,4.40000009537
678,3.81674337387,4.36000013351
679,4.38615274429,4.26999998093
680,4.60118627548,4.30000019073
681,4.53080701828,4.30000019073
682,4.50182580948,4.30000019073
683,3.9376912117,4.32999992371
684,4.58938932419,4.34000015259
685,4.63235664368,4.32999992371
686,4.28194046021,4.32999992371
687,4.61917924881,4.32000017166
688,4.64249658585,4.30000019073
689,3.95066690445,4.30000019073
690,3.98101186752,4.28999996185
691,4.02845096588,4.30000019073
692,4.73244333267,4.28000020981
693,4.87451124191,4.28000020981
694,4.67011070251,4.23000001907
695,4.7022600174,4.11999988556
696,4.13441181183,4.11999988556
697,4.55255031586,4.15000009537
698,4.53779649734,4.17000007629
699,4.41635131836,4.19000005722
700,4.75554037094,4.19000005722
701,4.25386476517,4.17000007629
702,4.62002658844,4.17999982834
703,4.09730148315,4.17999982834
704,4.79290056229,4.17999982834
705,4.8271241188,4.15999984741
706,4.07688713074,4.17000007629
707,4.46999979019,4.15999984741
708,3.88432264328,4.15000009537
709,4.2356467247,4.11999988556
710,4.89263391495,4.07000017166
711,4.2348575592,4.01999998093
712,4.29408788681,4.01000022888
713,3.82813072205,4.03000020981
714,4.13440179825,4.05999994278
715,4.39747333527,4.07000017166
716,4.46726512909,4.05999994278
717,4.67496299744,4.05999994278
718,4.86113119125,4.05999994278
719,3.99358224869,4.07999992371
720,4.25412654877,4.05999994278
721,4.27585268021,4.05000019073
722,4.09124088287,4.05000019073
723,4.14309835434,4.03999996185
724,4.12926959991,4.05000019073
725,4.39026927948,4.05000019073
726,4.30115842819,4.05000019073
727,4.38216686249,4.05999994278
728,3.7857632637,4.05000019073
729,3.67910814285,4.05000019073
730,4.2642083168,4.05999994278
731,4.09358787537,4.07999992371
732,4.51751327515,4.11999988556
733,4.19219207764,4.15000009537
734,3.8088850975,4.17000007629
735,4.59951734543,4.11999988556
736,4.33803319931,4.11999988556
737,4.27606725693,4.13000011444
738,4.20641326904,4.13000011444
739,4.38966417313,4.11999988556
740,4.19863176346,4.13000011444
741,4.50257301331,4.15999984741
742,4.15084218979,4.21999979019
743,4.47434091568,4.26999998093
744,4.66491699219,4.30000019073
745,4.27466440201,4.30000019073
746,4.50773572922,4.26999998093
747,4.19437789917,4.30000019073
748,4.40940999985,4.30000019073
749,4.14745664597,4.26999998093
750,4.34904098511,4.26999998093
751,4.31141519547,4.28000020981
752,4.33693599701,4.28999996185
753,4.37385606766,4.26999998093
754,4.14882087708,4.26000022888
755,4.28072357178,4.25
756,4.32352304459,4.26000022888
757,4.11586666107,4.25
758,4.48339796066,4.26000022888
759,3.85464811325,4.26999998093
760,4.27805614471,4.28000020981
761,4.04990530014,4.28000020981
762,4.31369876862,4.26000022888
763,4.17436599731,4.21000003815
764,4.54686307907,4.19999980927
765,4.47634029388,4.21999979019
766,4.232006073,4.23999977112
767,3.83959293365,4.25
768,4.34421253204,4.25
769,4.46269464493,4.26000022888
770,4.36055088043,4.25
771,3.8607840538,4.25
772,3.81270837784,4.23000001907
773,4.49513435364,4.23000001907
774,3.70158243179,4.23999977112
775,4.3391752243,4.23999977112
776,4.000020504,4.25
777,4.36236906052,4.26000022888
778,4.54974651337,4.28000020981
779,4.4182138443,4.28999996185
780,4.28710365295,4.28999996185
781,4.41503238678,4.28999996185
782,4.24855422974,4.28999996185
783,4.01823282242,4.28000020981
784,4.25659418106,4.26000022888
785,4.25251626968,4.26000022888
786,4.43793201447,4.19999980927
787,4.48001337051,4.13999986649
788,4.06373929977,4.03000020981
789,3.65614748001,4.01000022888
790,4.25988674164,3.99000000954
791,3.46442508698,4.03999996185
792,3.48359632492,4.0
793,3.92473554611,4.01000022888
794,3.56023931503,4.01999998093
795,3.83369112015,3.99000000954
796,3.59664583206,3.98000001907
797,3.87027549744,3.98000001907
798,4.2149066925,3.99000000954
799,4.35944747925,4.0
800,4.42079162598,4.01000022888
801,3.66299962997,4.0
802,3.60930919647,4.0
803,4.0696644783,3.90000009537
804,3.90603733063,3.81999993324
805,3.17781734467,3.80999994278
806,3.35788345337,3.80999994278
807,3.95003032684,3.74000000954
808,3.21668100357,3.73000001907
809,3.73862218857,3.78999996185
810,3.38592433929,3.80999994278
811,3.60634374619,3.79999995232
812,3.32441282272,3.77999997139
813,3.38077974319,3.74000000954
814,3.45756912231,3.72000002861
815,3.79480791092,3.76999998093
816,3.92023944855,3.75999999046
817,3.9267578125,3.70000004768
818,3.47541093826,3.6400001049
819,3.49343490601,3.6099998951
820,3.32056760788,3.61999988556
821,3.32754802704,3.55999994278
822,3.10112285614,3.50999999046
823,3.22138357162,3.5
824,3.57888698578,3.55999994278
825,3.53118896484,3.58999991417
826,3.71030712128,3.65000009537
827,3.22580432892,3.66000008583
828,3.00100278854,3.6099998951
829,3.33464431763,3.61999988556
830,3.5855345726,3.65000009537
831,3.36678743362,3.65000009537
832,3.10408782959,3.48000001907
833,3.07827663422,3.51999998093
834,3.13293647766,3.51999998093
835,3.09477949142,3.51999998093
836,3.33499860764,3.51999998093
837,3.1217546463,3.50999999046
838,2.90729856491,3.55999994278
839,3.20332670212,3.61999988556
840,3.05683040619,3.66000008583
841,3.01981830597,3.77999997139
842,3.19464588165,3.78999996185
843,3.57031297684,3.75
844,3.4656829834,3.71000003815
845,3.12603378296,3.73000001907
846,3.0979514122,3.75
847,3.06837368011,3.77999997139
848,3.01478672028,3.75
849,3.13493871689,3.74000000954
850,2.92764234543,3.75999999046
851,3.05362558365,3.71000003815
852,3.18697690964,3.70000004768
853,3.01330757141,3.66000008583
854,3.2010846138,3.59999990463
855,3.14614963531,3.63000011444
856,3.05478382111,3.63000011444
857,3.1514673233,3.61999988556
858,3.08719921112,3.61999988556
859,3.02735424042,3.61999988556
860,2.81843185425,3.63000011444
861,3.20698785782,3.63000011444
862,3.12900352478,3.6400001049
863,2.97358703613,3.6400001049
864,3.30555057526,3.6400001049
865,3.13205194473,3.63000011444
866,3.08477020264,3.6400001049
867,3.13088750839,3.57999992371
868,3.01997947693,3.53999996185
869,3.11566019058,3.54999995232
870,3.13184547424,3.5
871,3.11992740631,3.48000001907
872,3.01417160034,3.47000002861
873,3.11335802078,3.47000002861
874,3.10487031937,3.45000004768
875,2.99851036072,3.45000004768
876,3.37580633163,3.43000006676
877,3.49262046814,3.43000006676
878,3.42173862457,3.48000001907
879,3.29457616806,3.5
880,3.20778369904,3.5
881,3.42887973785,3.47000002861
882,3.407558918,3.45000004768
883,3.43567371368,3.46000003815
884,3.4899263382,3.40000009537
885,3.38293457031,3.43000006676
886,3.31791257858,3.42000007629
887,3.4348192215,3.43000006676
888,3.46561527252,3.40000009537
889,3.45045661926,3.3900001049
890,3.4229054451,3.3599998951
891,3.55222034454,3.3599998951
892,3.09818077087,3.33999991417
893,3.27619171143,3.33999991417
894,3.33424425125,3.34999990463
895,3.31052398682,3.3599998951
896,3.40523386002,3.36999988556
897,3.12346982956,3.3599998951
898,3.34539937973,3.3900001049
899,3.2967672348,3.40000009537
900,3.57757282257,3.3900001049
901,3.43649530411,3.44000005722
902,3.39189910889,3.48000001907
903,3.3589758873,3.49000000954
904,3.23542547226,3.51999998093
905,3.25065279007,3.45000004768
906,3.07248735428,3.44000005722
907,2.9463224411,3.49000000954
908,2.90921783447,3.52999997139
909,3.1996884346,3.53999996185
910,3.00890159607,3.54999995232
911,3.14619636536,3.52999997139
912,2.93461561203,3.5
913,3.07942819595,3.49000000954
914,2.89543247223,3.48000001907
915,3.18796110153,3.5
916,3.17118120193,3.53999996185
917,3.18891143799,3.56999993324
918,3.1980175972,3.57999992371
919,3.21823453903,3.65000009537
920,3.16670227051,3.59999990463
921,3.31760883331,3.53999996185
922,3.34436130524,3.56999993324
923,3.42365026474,3.59999990463
924,3.31331396103,3.69000005722
925,3.44898462296,3.70000004768
926,3.36789703369,3.69000005722
927,3.5448307991,3.67000007629
928,3.21451091766,3.61999988556
929,3.42604494095,3.59999990463
930,3.16169452667,3.55999994278
931,3.37106180191,3.55999994278
932,3.47029304504,3.46000003815
933,3.34108543396,3.41000008583
934,3.51272535324,3.41000008583
935,3.43446779251,3.42000007629
936,3.47552061081,3.45000004768
937,3.35852718353,3.40000009537
938,3.39419555664,3.38000011444
939,3.39967107773,3.40000009537
940,3.49131202698,3.34999990463
941,3.45959043503,3.38000011444
942,3.36357831955,3.40000009537
943,3.56365060806,3.46000003815
944,3.65373754501,3.44000005722
945,3.15362787247,3.36999988556
946,3.54941225052,3.38000011444
947,3.31915807724,3.40000009537
948,3.67319488525,3.40000009537
949,3.76202058792,3.38000011444
950,3.14570999146,3.3900001049
951,3.00203466415,3.41000008583
952,3.3174905777,3.43000006676
953,3.231965065,3.43000006676
954,3.21010303497,3.43000006676
955,3.19355201721,3.42000007629
956,3.56566429138,3.43000006676
957,3.69471311569,3.51999998093
958,3.48839902878,3.50999999046
959,3.6663403511,3.56999993324
960,3.35280609131,3.59999990463
961,3.41162204742,3.6400001049
962,3.24922132492,3.58999991417
963,3.40350818634,3.6099998951
964,3.70120716095,3.58999991417
965,3.09365415573,3.57999992371
966,3.36716270447,3.55999994278
967,3.26376438141,3.55999994278
968,3.26242494583,3.58999991417
969,3.34791469574,3.61999988556
970,3.48603916168,3.61999988556
971,3.32003974915,3.67000007629
972,3.10958623886,3.6099998951
973,3.25734901428,3.6099998951
974,3.68822240829,3.56999993324
975,3.2794919014,3.57999992371
976,3.27151012421,3.6099998951
977,3.31524085999,3.6099998951
978,3.16976833344,3.59999990463
979,3.31763744354,3.6099998951
980,3.48528432846,3.59999990463
981,3.1385884285,3.59999990463
982,3.25242042542,3.6099998951
983,2.97895669937,3.61999988556
984,3.70776700974,3.56999993324
985,3.30495738983,3.49000000954
986,3.10916471481,3.44000005722
987,2.92240095139,3.43000006676
988,3.16558361053,3.44000005722
989,3.08829307556,3.49000000954
990,3.53322601318,3.5
991,3.52840137482,3.52999997139
992,3.25803995132,3.54999995232
993,3.16928529739,3.51999998093
994,3.48608636856,3.50999999046
995,3.23686218262,3.5
996,3.10109472275,3.51999998093
997,3.17584133148,3.50999999046
998,3.44908237457,3.48000001907
999,3.22849273682,3.46000003815
1000,3.18156242371,3.46000003815
1001,3.22371053696,3.44000005722
1002,3.2903418541,3.43000006676
1003,3.2452378273,3.44000005722
1004,3.37294006348,3.48000001907
1005,3.4198679924,3.47000002861
1006,2.87849664688,3.47000002861
1007,3.273250103,3.47000002861
1008,3.51299667358,3.46000003815
1009,3.26351642609,3.46000003815
1010,3.00943851471,3.48000001907
1011,3.05699110031,3.52999997139
1012,3.21865749359,3.53999996185
1013,2.96669483185,3.51999998093
1014,3.02406072617,3.50999999046
1015,3.08649349213,3.51999998093
1016,3.03158426285,3.50999999046
1017,3.38961362839,3.51999998093
1018,2.94680452347,3.50999999046
1019,3.22166728973,3.5
1020,3.0953207016,3.47000002861
1021,3.1721200943,3.46000003815
1022,3.04993200302,3.43000006676
1023,3.17077207565,3.3900001049
1024,3.2832942009,3.38000011444
1025,3.44185686111,3.32999992371
1026,3.47330617905,3.29999995232
1027,3.13731002808,3.29999995232
1028,3.1653008461,3.29999995232
1029,3.33751583099,3.31999993324
1030,3.07775449753,3.33999991417
1031,3.40676689148,3.3599998951
1032,3.11850070953,3.34999990463
1033,3.09347486496,3.34999990463
1034,3.14431238174,3.33999991417
1035,3.29843711853,3.32999992371
1036,3.25425958633,3.30999994278
1037,3.28805732727,3.30999994278
1038,3.12661123276,3.31999993324
1039,3.09290361404,3.30999994278
1040,3.74843168259,3.31999993324
1041,3.68494939804,3.32999992371
1042,3.44651842117,3.33999991417
1043,3.75884342194,3.31999993324
1044,3.44899177551,3.30999994278
1045,3.35004138947,3.28999996185
1046,3.25267362595,3.25
1047,3.30482149124,3.24000000954
1048,3.32410335541,3.24000000954
1049,3.86571073532,3.24000000954
1050,3.25973558426,3.15000009537
1051,3.37425231934,3.16000008583
1052,3.29072332382,3.15000009537
1053,3.10186243057,3.1099998951
1054,3.57222175598,3.03999996185
1055,3.2239112854,3.07999992371
1056,3.0455532074,3.11999988556
1057,3.4250292778,3.11999988556
1058,3.16162204742,3.05999994278
1059,3.26266050339,3.05999994278
1060,3.19176959991,3.04999995232
1061,3.2766623497,3.03999996185
1062,3.13955307007,3.01999998093
1063,3.09980344772,2.98000001907
1064,3.44570875168,2.99000000954
1065,3.54153776169,3.04999995232
1066,3.70522165298,3.05999994278
1067,3.7251663208,3.04999995232
1068,3.55478382111,3.07999992371
1069,3.27118396759,3.1400001049
1070,3.56837511063,3.11999988556
1071,3.44567108154,3.13000011444
1072,3.44559288025,3.21000003815
1073,3.30208587646,3.20000004768
1074,3.61729192734,3.11999988556
1075,3.93865728378,3.1400001049
1076,3.57075595856,3.13000011444
1077,4.04556465149,3.1400001049
1078,4.02085924149,3.13000011444
1079,3.70914411545,3.1400001049
1080,3.53375673294,3.1400001049
1081,3.79810142517,3.13000011444
1082,3.72011756897,3.13000011444
1083,3.91472482681,3.1099998951
1084,3.680331707,3.08999991417
1085,3.66109991074,3.04999995232
1086,3.47109174728,3.05999994278
1087,3.50016069412,3.03999996185
1088,3.65294408798,3.04999995232
1089,3.42042446136,3.04999995232
1090,3.25320339203,3.02999997139
1091,3.60714101791,3.02999997139
1092,3.52058696747,3.02999997139
1093,3.36770868301,3.0
1094,3.78147554398,3.0
1095,3.33859872818,3.0
1096,3.37382650375,2.99000000954
1097,3.16084051132,3.02999997139
1098,2.94216299057,3.01999998093
1099,3.47283792496,3.0
1100,3.33229923248,2.99000000954
1101,3.07458686829,2.94000005722
1102,3.15292739868,2.88000011444
1103,3.36859512329,2.8599998951
1104,3.26185941696,2.84999990463
1105,3.47525501251,2.79999995232
1106,2.84526348114,2.80999994278
1107,3.37533807755,2.79999995232
1108,3.32030057907,2.80999994278
1109,3.37308073044,2.82999992371
1110,2.88563728333,2.81999993324
1111,3.13943576813,2.81999993324
1112,3.39231061935,2.86999988556
1113,3.22080850601,2.8900001049
1114,3.49577474594,2.8900001049
1115,3.20600128174,2.84999990463
1116,3.18315887451,2.83999991417
1117,2.73961782455,2.81999993324
1118,3.11206007004,2.78999996185
1119,3.17205238342,2.72000002861
1120,2.9426779747,2.75
1121,3.02975463867,2.75
1122,3.01410198212,2.77999997139
1123,3.06915616989,2.79999995232
1124,3.0709104538,2.80999994278
1125,2.84676504135,2.78999996185
1126,3.07538366318,2.76999998093
1127,2.84100484848,2.8599998951
1128,3.08512306213,2.8599998951
1129,3.19536924362,2.90000009537
1130,3.19098138809,2.8900001049
1131,3.25410366058,2.83999991417
1132,2.97803544998,2.83999991417
1133,3.0654296875,2.88000011444
1134,3.02604532242,2.8900001049
1135,3.03268384933,2.8599998951
1136,2.89489555359,2.84999990463
1137,3.0164475441,2.84999990463
1138,2.94728183746,2.84999990463
1139,3.04771232605,2.81999993324
1140,3.07596349716,2.83999991417
1141,3.1396241188,2.83999991417
1142,3.14491558075,2.83999991417
1143,3.2509188652,2.83999991417
1144,3.25414466858,2.82999992371
1145,2.91306114197,2.83999991417
1146,3.39597320557,2.84999990463
1147,3.31491565704,2.86999988556
1148,3.41235923767,2.86999988556
1149,3.37673902512,2.8599998951
1150,3.13901042938,2.84999990463
1151,3.33796072006,2.84999990463
1152,3.17030858994,2.88000011444
1153,3.00460672379,2.90000009537
1154,3.44987249374,2.90000009537
1155,3.26982688904,2.93000006676
1156,3.169485569,2.94000005722
1157,3.19729948044,2.8900001049
1158,3.28506708145,2.86999988556
1159,3.40957832336,2.84999990463
1160,3.3289437294,2.84999990463
1161,3.43527269363,2.83999991417
1162,3.32043409348,2.80999994278
1163,3.15005159378,2.81999993324
1164,3.56716680527,2.81999993324
1165,3.21799993515,2.82999992371
1166,3.44944953918,2.82999992371
1167,3.3307466507,2.82999992371
1168,3.39917135239,2.82999992371
1169,3.2955827713,2.82999992371
1170,3.27540683746,2.86999988556
1171,3.48776292801,2.84999990463
1172,3.36251926422,2.83999991417
1173,3.20501327515,2.83999991417
1174,3.39027023315,2.83999991417
1175,3.39329576492,2.8599998951
1176,3.20064115524,2.86999988556
1177,3.83417034149,2.90000009537
1178,3.88426113129,2.92000007629
1179,3.3521733284,2.91000008583
1180,3.42794513702,2.91000008583
1181,3.21671628952,2.93000006676
1182,3.28015708923,2.94000005722
1183,3.31684541702,2.92000007629
1184,2.91660881042,2.90000009537
1185,3.19414281845,2.91000008583
1186,3.57599020004,2.93000006676
1187,2.91516208649,2.92000007629
1188,3.30005788803,2.93000006676
1189,3.39075660706,2.94000005722
1190,3.10148334503,2.92000007629
1191,3.19352722168,2.91000008583
1192,3.46806335449,2.8900001049
1193,3.16796731949,2.8900001049
1194,3.52699184418,2.8900001049
1195,3.87180089951,2.90000009537
1196,3.90418815613,2.90000009537
1197,3.4027094841,2.90000009537
1198,3.38524723053,2.88000011444
1199,3.47578001022,2.90000009537
1200,3.5881896019,2.91000008583
1201,3.42612934113,2.90000009537
1202,3.57150316238,2.91000008583
1203,3.68290662766,2.93000006676
1204,3.63693666458,2.93000006676
1205,3.29580163956,2.96000003815
1206,3.38913869858,2.96000003815
1207,3.7247004509,2.95000004768
1208,3.31242990494,2.96000003815
1209,3.25867986679,2.94000005722
1210,3.27578210831,2.94000005722
1211,3.59422063828,2.94000005722
1212,3.49436712265,2.95000004768
1213,3.69494199753,2.98000001907
1214,3.71051025391,2.99000000954
1215,3.51392412186,3.0
1216,3.43575191498,3.00999999046
1217,4.14836359024,3.01999998093
1218,3.76347112656,3.0
1219,3.68207883835,3.00999999046
1220,3.64114427567,3.00999999046
1221,3.95269632339,3.00999999046
1222,3.14582300186,3.00999999046
1223,4.17142724991,3.0
1224,3.83224391937,2.97000002861
1225,3.47323942184,2.96000003815
1226,3.77972459793,2.95000004768
1227,3.56229829788,2.94000005722
1228,3.85924720764,2.95000004768
1229,3.67521905899,2.94000005722
1230,3.76812791824,2.93000006676
1231,3.7233338356,2.93000006676
1232,3.97558069229,2.88000011444
1233,4.02992582321,2.82999992371
1234,3.85843467712,2.8599998951
1235,3.8467259407,2.8599998951
1236,3.74014186859,2.83999991417
1237,3.61671352386,2.79999995232
1238,4.10397863388,2.82999992371
1239,3.78697252274,2.84999990463
1240,3.75654792786,2.83999991417
1241,3.98259067535,2.80999994278
1242,4.16738939285,2.79999995232
1243,4.05248498917,2.82999992371
1244,4.17361831665,2.83999991417
1245,4.03203630447,2.84999990463
1246,3.97472715378,2.83999991417
1247,3.68402957916,2.82999992371
1248,4.25999927521,2.82999992371
1249,3.76308584213,2.81999993324
1250,4.12773084641,2.79999995232
1251,4.27111434937,2.77999997139
1252,3.98129749298,2.78999996185
1253,3.73089027405,2.80999994278
1254,4.3164730072,2.78999996185
1255,3.38819694519,2.79999995232
1256,3.90305089951,2.78999996185
1257,4.2459025383,2.77999997139
1258,3.67549276352,2.77999997139
1259,3.98142719269,2.77999997139
1260,4.00619077682,2.76999998093
1261,3.54799985886,2.76999998093
1262,4.00850391388,2.75
1263,3.90290737152,2.75
1264,3.91987371445,2.71000003815
1265,3.99062156677,2.70000004768
1266,3.81046581268,2.69000005722
1267,3.96228599548,2.67000007629
1268,3.61751270294,2.6400001049
1269,3.77688121796,2.67000007629
1270,3.93088769913,2.69000005722
1271,3.79653310776,2.68000006676
1272,3.96779346466,2.70000004768
1273,3.98170375824,2.68000006676
1274,4.07685041428,2.72000002861
1275,3.87285423279,2.73000001907
1276,3.36264228821,2.72000002861
1277,4.05346345901,2.69000005722
1278,4.06431865692,2.71000003815
1279,4.18918418884,2.75
1280,3.69860219955,2.74000000954
1281,4.0373301506,2.75
1282,3.98354625702,2.75
1283,3.84610795975,2.75
1284,3.64740371704,2.75999999046
1285,3.7045416832,2.78999996185
1286,3.85665369034,2.77999997139
1287,3.79403686523,2.76999998093
1288,4.12268733978,2.78999996185
1289,3.5942029953,2.76999998093
1290,3.7853512764,2.75999999046
1291,3.79538345337,2.75999999046
1292,4.04518270493,2.76999998093
1293,3.88877344131,2.75999999046
1294,3.45505619049,2.74000000954
1295,3.73786973953,2.75
1296,3.77117776871,2.75
1297,3.74662876129,2.73000001907
1298,4.23033046722,2.72000002861
1299,4.18522930145,2.71000003815
1300,4.10592842102,2.72000002861
1301,4.17546319962,2.73000001907
1302,4.07524967194,2.73000001907
1303,4.34873819351,2.70000004768
1304,4.30114173889,2.68000006676
1305,4.45834493637,2.67000007629
1306,4.18908071518,2.68000006676
1307,4.07337522507,2.71000003815
1308,3.76660871506,2.70000004768
1309,3.86573410034,2.70000004768
1310,3.84098243713,2.69000005722
1311,3.98343372345,2.70000004768
1312,3.85723257065,2.67000007629
1313,3.47599458694,2.65000009537
1314,3.5751786232,2.65000009537
1315,3.55512142181,2.66000008583
1316,3.95725059509,2.69000005722
1317,3.77656364441,2.72000002861
1318,3.79914903641,2.71000003815
1319,3.56414985657,2.70000004768
1320,3.48472642899,2.74000000954
1321,3.58342313766,2.74000000954
1322,3.74939775467,2.74000000954
1323,3.97622776031,2.73000001907
1324,3.8672914505,2.73000001907
1325,3.65059423447,2.75
1326,3.67886829376,2.75999999046
1327,3.83292865753,2.76999998093
1328,3.90847492218,2.78999996185
1329,3.74356460571,2.81999993324
1330,3.74236249924,2.8599998951
1331,3.87415838242,2.84999990463
1332,3.82928562164,2.86999988556
1333,3.73531007767,2.91000008583
1334,3.93152570724,2.8900001049
1335,3.19354295731,2.8900001049
1336,3.94191169739,2.86999988556
1337,3.96368169785,2.84999990463
1338,3.54025650024,2.84999990463
1339,3.68835020065,2.86999988556
1340,3.71475076675,2.84999990463
1341,3.59214067459,2.8900001049
1342,3.68182992935,2.95000004768
1343,3.6472492218,2.99000000954
1344,3.90732383728,2.99000000954
1345,4.12277030945,3.02999997139
1346,4.21236610413,3.11999988556
1347,4.21943473816,3.08999991417
1348,4.10565185547,3.07999992371
1349,3.93436145782,3.08999991417
1350,3.98853635788,3.15000009537
1351,3.96647310257,3.19000005722
1352,3.80928897858,3.22000002861
1353,3.77192497253,3.32999992371
1354,3.58779144287,3.27999997139
1355,3.57042264938,3.32999992371
1356,3.73646020889,3.36999988556
1357,3.86065196991,3.27999997139
1358,3.89377212524,3.19000005722
1359,3.99541807175,3.18000006676
1360,3.80813837051,3.16000008583
1361,3.70203733444,3.16000008583
1362,3.40470647812,3.11999988556
1363,3.62262487411,3.04999995232
1364,3.64537382126,3.00999999046
1365,3.92561292648,3.00999999046
1366,3.76634550095,3.1099998951
1367,3.7295293808,3.18000006676
1368,3.60399055481,3.21000003815
1369,4.07636022568,3.20000004768
1370,3.7022228241,3.17000007629
1371,4.00337076187,3.18000006676
1372,4.09524250031,3.21000003815
1373,3.90741825104,3.19000005722
1374,4.06016778946,3.20000004768
1375,3.92816305161,3.25
1376,3.87064790726,3.26999998093
1377,3.86027669907,3.26999998093
1378,3.89581155777,3.25999999046
1379,3.55506086349,3.24000000954
1380,3.84248304367,3.25999999046
1381,3.84047222137,3.24000000954
1382,4.10044288635,3.27999997139
1383,3.73614311218,3.34999990463
1384,3.82224321365,3.34999990463
1385,3.87756109238,3.34999990463
1386,3.92664861679,3.42000007629
1387,3.98819828033,3.41000008583
1388,3.91117620468,3.49000000954
1389,4.0252866745,3.49000000954
1390,3.58650636673,3.46000003815
1391,3.73628425598,3.41000008583
1392,3.947930336,3.44000005722
1393,3.74065446854,3.42000007629
1394,3.61558532715,3.41000008583
1395,3.89739751816,3.41000008583
1396,3.73210811615,3.3599998951
1397,3.8954539299,3.32999992371
1398,3.82626914978,3.27999997139
1399,3.88576173782,3.29999995232
1400,3.4753408432,3.27999997139
1401,3.78983259201,3.26999998093
1402,3.54202222824,3.28999996185
1403,3.96751928329,3.28999996185
1404,3.94383859634,3.28999996185
1405,3.99378108978,3.32999992371
1406,4.25513887405,3.34999990463
1407,4.26989459991,3.3599998951
1408,4.26845741272,3.3599998951
1409,3.62693929672,3.3599998951
1410,4.12444591522,3.41000008583
1411,3.65012979507,3.42000007629
1412,4.07105779648,3.42000007629
1413,3.70648670197,3.3900001049
1414,4.21367263794,3.36999988556
1415,3.53927755356,3.34999990463
1416,3.84397029877,3.30999994278
1417,3.98881292343,3.30999994278
1418,3.82947826385,3.30999994278
1419,3.57996606827,3.30999994278
1420,3.9615020752,3.30999994278
1421,3.76945018768,3.29999995232
1422,3.68546915054,3.25
1423,3.61457824707,3.25
1424,3.74034118652,3.25999999046
1425,3.9176030159,3.26999998093
1426,3.77992677689,3.28999996185
1427,3.68105983734,3.27999997139
1428,3.72516489029,3.26999998093
1429,3.78325366974,3.30999994278
1430,3.67055654526,3.30999994278
1431,3.75569105148,3.29999995232
1432,3.64309692383,3.31999993324
1433,3.9711151123,3.31999993324
1434,3.71415710449,3.32999992371
1435,3.64049530029,3.31999993324
1436,3.62843561172,3.3599998951
1437,3.9585776329,3.42000007629
1438,3.951171875,3.41000008583
1439,4.09843444824,3.41000008583
1440,4.13520669937,3.42000007629
1441,3.91563081741,3.46000003815
1442,3.85426330566,3.5
1443,4.04141616821,3.46000003815
1444,4.00796175003,3.45000004768
1445,4.1135134697,3.45000004768
1446,3.88296222687,3.47000002861
1447,3.85499048233,3.49000000954
1448,4.25129365921,3.51999998093
1449,3.77516508102,3.54999995232
1450,3.85796928406,3.55999994278
1451,4.104824543,3.59999990463
1452,4.08819913864,3.63000011444
1453,4.04409503937,3.69000005722
1454,4.23983192444,3.6400001049
1455,4.32618665695,3.65000009537
1456,4.08472824097,3.6099998951
1457,4.17469978333,3.61999988556
1458,4.05682373047,3.63000011444
1459,4.47017049789,3.6099998951
1460,3.81418132782,3.63000011444
1461,3.925532341,3.66000008583
1462,3.68512439728,3.67000007629
1463,3.97553110123,3.66000008583
1464,3.68142747879,3.65000009537
1465,4.34197854996,3.65000009537
1466,4.02168130875,3.65000009537
1467,4.27168321609,3.6099998951
1468,4.34740638733,3.61999988556
1469,4.41717433929,3.63000011444
1470,4.15187883377,3.61999988556
1471,4.06570339203,3.63000011444
1472,3.89199399948,3.6400001049
1473,4.22833538055,3.65000009537
1474,4.05189228058,3.63000011444
1475,4.08069372177,3.57999992371
1476,4.00021409988,3.57999992371
1477,4.21234703064,3.53999996185
1478,4.27885341644,3.55999994278
1479,4.17972898483,3.56999993324
1480,4.24887466431,3.5
1481,3.90019035339,3.49000000954
1482,4.332654953,3.53999996185
1483,4.19384241104,3.55999994278
1484,4.30397462845,3.54999995232
1485,4.05790376663,3.50999999046
1486,3.99548196793,3.50999999046
1487,4.20674133301,3.52999997139
1488,4.23838424683,3.54999995232
1489,4.17641735077,3.56999993324
1490,4.06874227524,3.59999990463
1491,4.02388334274,3.59999990463
1492,4.12037801743,3.57999992371
1493,4.12694120407,3.56999993324
1494,4.10173511505,3.58999991417
1495,3.92859506607,3.58999991417
1496,3.88520956039,3.57999992371
1497,4.32432031631,3.56999993324
1498,3.99244356155,3.55999994278
1499,4.4624004364,3.55999994278
1500,4.39340686798,3.55999994278
1501,4.52826452255,3.58999991417
1502,4.42592716217,3.58999991417
1503,4.42374992371,3.56999993324
1504,4.71417808533,3.57999992371
1505,4.68740224838,3.57999992371
1506,4.62702512741,3.58999991417
1507,3.98720121384,3.61999988556
1508,4.53730726242,3.59999990463
1509,4.31097412109,3.59999990463
1510,3.93148469925,3.63000011444
1511,3.66653871536,3.6400001049
1512,3.6682767868,3.63000011444
1513,4.07400417328,3.63000011444
1514,4.07099580765,3.63000011444
1515,4.08536624908,3.66000008583
1516,4.25947475433,3.65000009537
1517,3.94320011139,3.66000008583
1518,3.78930425644,3.6400001049
1519,4.23696231842,3.61999988556
1520,4.40004968643,3.58999991417
1521,3.42192792892,3.57999992371
1522,3.60517549515,3.59999990463
1523,4.09739112854,3.58999991417
1524,3.85398817062,3.59999990463
1525,3.8989033699,3.61999988556
1526,4.0386428833,3.61999988556
1527,4.07072973251,3.61999988556
1528,3.79660177231,3.63000011444
1529,3.98086166382,3.63000011444
1530,4.05123090744,3.65000009537
1531,3.88540410995,3.63000011444
1532,3.74287700653,3.63000011444
1533,4.23587560654,3.63000011444
1534,3.89825153351,3.6400001049
1535,4.11683225632,3.65000009537
1536,4.07618951797,3.66000008583
1537,3.99979829788,3.66000008583
1538,4.18155431747,3.61999988556
1539,3.84988117218,3.59999990463
1540,4.06525850296,3.61999988556
1541,3.85071325302,3.61999988556
1542,3.8881778717,3.6400001049
1543,4.00946044922,3.59999990463
1544,4.36394071579,3.59999990463
1545,4.25324583054,3.61999988556
1546,3.95022964478,3.61999988556
1547,3.74106931686,3.61999988556
1548,4.03798437119,3.63000011444
1549,4.27470350266,3.61999988556
1550,4.34662294388,3.59999990463
1551,4.14535617828,3.61999988556
1552,4.13243627548,3.61999988556
1553,4.26425600052,3.6099998951
1554,4.06983280182,3.6099998951
1555,4.23144769669,3.6099998951
1556,4.25533008575,3.6099998951
1557,4.45405340195,3.65000009537
1558,4.28308534622,3.65000009537
1559,3.93208646774,3.65000009537
1560,3.80526399612,3.68000006676
1561,4.01537752151,3.67000007629
1562,3.86224842072,3.71000003815
1563,3.73318910599,3.74000000954
1564,4.16758584976,3.74000000954
1565,4.09944343567,3.72000002861
1566,4.29595327377,3.72000002861
1567,4.08749628067,3.72000002861
1568,3.58177423477,3.72000002861
1569,4.36719322205,3.77999997139
1570,4.13405895233,3.77999997139
1571,3.52802324295,3.82999992371
1572,3.76920366287,3.91000008583
1573,4.11695098877,3.8900001049
1574,4.04232931137,3.8599998951
1575,4.08024835587,3.86999988556
1576,3.9071559906,3.88000011444
1577,3.93575191498,3.86999988556
1578,3.77124929428,3.88000011444
1579,4.2190580368,3.88000011444
1580,3.95372390747,3.88000011444
1581,4.10526227951,3.88000011444
1582,3.76949548721,3.88000011444
1583,3.70610904694,3.88000011444
1584,4.04651403427,3.88000011444
1585,4.1914191246,3.88000011444
1586,3.39829063416,3.88000011444
1587,3.81690454483,3.88000011444
1588,3.87412118912,3.88000011444
1589,4.16755914688,3.88000011444
1590,3.99678277969,3.88000011444
1591,4.05520200729,3.88000011444
1592,4.02076387405,3.88000011444
1593,3.78962612152,3.88000011444
1594,3.73941898346,3.88000011444
1595,3.85207748413,3.88000011444
1596,4.00271272659,3.88000011444
1597,3.93604326248,3.88000011444
1598,3.77682304382,3.88000011444
1599,3.77719593048,3.88000011444
1600,3.96040773392,3.88000011444
1601,3.85642671585,3.88000011444
1602,3.95600175858,3.88000011444
1603,3.93842697144,3.88000011444
1604,3.87710094452,3.88000011444
1605,3.85574769974,3.88000011444
1606,4.10678482056,3.88000011444
1607,3.47040987015,3.88000011444
1608,3.84055948257,3.88000011444
