,train_data,train_result
0,5.25,5.06988573074
1,5.26000022888,4.95381402969
2,5.23999977112,4.79897546768
3,5.36000013351,4.75915241241
4,5.32999992371,4.87125635147
5,5.26999998093,4.2157535553
6,5.30000019073,4.89184236526
7,5.40999984741,5.23761701584
8,5.32000017166,5.49924516678
9,5.34000015259,4.88680315018
10,5.26000022888,4.75431394577
11,5.30999994278,4.89339399338
12,5.34000015259,5.08777475357
13,5.40999984741,4.81943178177
14,5.32999992371,4.2523393631
15,5.36999988556,4.76273965836
16,5.26999998093,4.90308094025
17,5.17000007629,4.55416870117
18,5.28999996185,4.89700698853
19,5.25,5.28192090988
20,5.26000022888,5.24716234207
21,5.23999977112,5.37545442581
22,5.23000001907,4.73070383072
23,5.17999982834,4.4691324234
24,5.32000017166,4.89879894257
25,5.28999996185,5.24313545227
26,5.34000015259,5.28688764572
27,5.26999998093,5.09338378906
28,5.21000003815,5.17909097672
29,4.46000003815,4.90660333633
30,4.71999979019,4.83584833145
31,5.25,5.19194173813
32,4.73000001907,4.49051189423
33,5.21999979019,4.9603061676
34,5.01000022888,5.15622711182
35,5.17000007629,5.16375589371
36,5.15000009537,4.90682268143
37,5.19999980927,4.96196699142
38,5.15000009537,5.23521184921
39,5.15999984741,4.79896450043
40,5.21999979019,5.2492480278
41,4.98999977112,4.59065294266
42,4.96999979019,4.94815063477
43,5.05999994278,5.07231092453
44,5.01000022888,5.34956693649
45,4.92999982834,4.76356744766
46,4.92999982834,5.06909704208
47,4.96999979019,4.99689483643
48,5.03000020981,5.00303268433
49,5.01000022888,5.04455518723
50,4.96999979019,4.88867330551
51,4.90000009537,4.88551092148
52,4.90000009537,5.09638881683
53,4.88999986649,5.03546142578
54,4.92000007629,4.8690533638
55,4.90000009537,4.95001029968
56,4.94000005722,4.96707868576
57,4.80999994278,4.80184268951
58,4.88000011444,4.70774126053
59,4.88000011444,5.02187490463
60,4.82999992371,4.85325098038
61,4.82999992371,4.42772340775
62,4.76000022888,4.48552513123
63,4.84000015259,4.02463293076
64,4.82999992371,4.45222616196
65,4.84999990463,4.27984046936
66,4.65999984741,4.46802806854
67,4.78999996185,4.89722394943
68,4.71000003815,5.08827829361
69,4.61000013351,4.81394720078
70,4.82999992371,5.02448034286
71,4.71999979019,4.60857963562
72,4.71999979019,4.66231393814
73,4.67000007629,4.18261384964
74,4.76000022888,5.00701522827
75,4.73000001907,4.9204788208
76,4.73000001907,4.12017440796
77,4.63999986649,4.00271129608
78,4.63999986649,4.65120363235
79,4.61999988556,4.99858188629
80,4.59999990463,4.94896364212
81,4.55999994278,4.68064069748
82,4.57000017166,4.51073884964
83,4.46000003815,4.70820140839
84,4.42999982834,4.72920846939
85,4.40000009537,4.62226438522
86,4.42999982834,4.74658918381
87,4.53000020981,4.68768262863
88,4.46000003815,4.11249351501
89,4.46000003815,4.71423435211
90,4.38000011444,4.68130350113
91,4.34000015259,4.62541389465
92,4.15999984741,4.72266530991
93,4.11999988556,4.42553663254
94,4.26999998093,4.67928218842
95,4.11000013351,4.37353897095
96,4.11000013351,4.15683794022
97,4.15999984741,4.18849563599
98,4.07999992371,4.21507692337
99,4.09000015259,4.06958436966
100,4.15999984741,4.20573329926
101,4.01999998093,4.11607980728
102,4.07000017166,4.1463303566
103,4.03000020981,4.038230896
104,4.03999996185,4.03955936432
105,3.97000002861,4.00038480759
106,3.98000001907,4.00541591644
107,4.05000019073,3.92170381546
108,4.0,4.13221502304
109,4.03999996185,3.8797249794
110,3.96000003815,3.93301677704
111,4.03999996185,4.08221673965
112,4.05000019073,3.96619367599
113,4.01000022888,4.12789583206
114,4.07000017166,3.97656440735
115,4.03999996185,4.02349948883
116,4.0,3.73665761948
117,4.01999998093,3.72015810013
118,3.97000002861,3.884578228
119,3.92000007629,3.89341545105
120,3.96000003815,3.74968910217
121,3.88000011444,4.00132274628
122,3.98000001907,4.03157901764
123,3.94000005722,3.97624778748
124,3.88000011444,3.75457572937
125,3.83999991417,3.78592538834
126,3.79999995232,4.00680351257
127,3.69000005722,4.03352737427
128,3.73000001907,3.96317243576
129,3.68000006676,3.88772344589
130,3.74000000954,3.86625623703
131,3.75,3.88265228271
132,3.80999994278,3.81402301788
133,3.84999990463,3.49067783356
134,3.79999995232,3.43614912033
135,3.77999997139,3.65407419205
136,3.77999997139,3.54951667786
137,3.72000002861,3.49684047699
138,3.76999998093,3.6603717804
139,3.76999998093,3.55699396133
140,3.75999999046,3.90286684036
141,3.73000001907,3.40397882462
142,3.70000004768,3.55884122849
143,3.75999999046,3.7719078064
144,3.56999993324,3.66524791718
145,3.5,3.75838041306
146,3.48000001907,3.64533519745
147,3.51999998093,3.52285242081
148,3.53999996185,3.62728404999
149,3.52999997139,3.48633527756
150,3.42000007629,3.54752492905
151,3.5,3.68409395218
152,3.76999998093,3.88389492035
153,3.63000011444,3.52355766296
154,3.58999991417,3.28660011292
155,3.65000009537,3.78514289856
156,3.57999992371,3.53089666367
157,3.58999991417,3.26037788391
158,3.52999997139,3.08126497269
159,3.53999996185,3.1130604744
160,3.3900001049,2.97276973724
161,3.30999994278,3.18214225769
162,3.32999992371,3.54529666901
163,3.27999997139,3.55714130402
164,3.23000001907,3.3952126503
165,3.20000004768,3.60647392273
166,3.27999997139,3.31384038925
167,3.29999995232,3.36174297333
168,3.33999991417,3.31393766403
169,3.38000011444,3.02086019516
170,3.3900001049,3.18106508255
171,3.3599998951,3.26935386658
172,3.44000005722,3.10686969757
173,3.47000002861,3.47683095932
174,3.55999994278,3.02496337891
175,3.36999988556,3.28131198883
176,3.3900001049,3.3184466362
177,3.21000003815,3.17232275009
178,3.29999995232,3.04263734818
179,3.22000002861,3.06177806854
180,3.15000009537,3.42086315155
181,3.15000009537,3.20684146881
182,3.18000006676,3.06669092178
183,3.26999998093,3.08163356781
184,3.23000001907,3.43334341049
185,3.29999995232,3.24592399597
186,3.28999996185,3.18392801285
187,3.33999991417,3.24747753143
188,3.30999994278,3.20175457001
189,3.33999991417,3.2131152153
190,3.29999995232,3.3306851387
191,3.3900001049,3.25045824051
192,3.30999994278,3.16566944122
193,3.25999999046,3.11265897751
194,3.31999993324,3.14256095886
195,3.46000003815,3.14622211456
196,3.44000005722,3.42925071716
197,3.45000004768,3.00051450729
198,3.5,3.49715423584
199,3.55999994278,3.1556930542
200,3.50999999046,3.00425100327
201,3.53999996185,3.38296365738
202,3.52999997139,3.53826904297
203,3.44000005722,3.52889299393
204,3.44000005722,3.374314785
205,3.38000011444,2.95396089554
206,3.3599998951,3.41141319275
207,3.32999992371,3.05441617966
208,3.28999996185,3.28170633316
209,3.29999995232,3.30965995789
210,3.30999994278,3.48998022079
211,3.18000006676,3.24257659912
212,3.23000001907,3.33449888229
213,3.3900001049,3.08684873581
214,3.36999988556,3.40185213089
215,3.21000003815,3.29165363312
216,3.26999998093,3.10895299911
217,3.3599998951,3.10082864761
218,3.40000009537,2.97159099579
219,3.21000003815,3.50391530991
220,3.19000005722,3.26661777496
221,3.24000000954,3.3518075943
222,3.23000001907,3.06376647949
223,3.24000000954,3.25756216049
224,3.18000006676,3.1776599884
225,3.0,3.05374717712
226,3.00999999046,3.09897375107
227,3.0,3.18004179001
228,3.01999998093,3.09379720688
229,2.97000002861,3.0695271492
230,2.95000004768,3.12143659592
231,2.91000008583,3.04040622711
232,2.86999988556,3.16884946823
233,2.8900001049,3.00178194046
234,2.78999996185,3.07054042816
235,2.92000007629,2.91599369049
236,2.80999994278,3.0623793602
237,2.86999988556,3.16287660599
238,2.94000005722,3.44425010681
239,3.05999994278,3.52644872665
240,2.98000001907,2.93202877045
241,2.98000001907,3.24972438812
242,3.00999999046,3.35157871246
243,3.17000007629,3.42818021774
244,3.01999998093,3.35358572006
245,3.09999990463,3.3193769455
246,3.13000011444,3.06147956848
247,3.1400001049,3.44461631775
248,3.16000008583,3.32817554474
249,3.20000004768,2.92377471924
250,3.19000005722,3.0593085289
251,3.50999999046,3.29735898972
252,3.45000004768,3.15500211716
253,3.49000000954,3.3392791748
254,3.48000001907,3.29481172562
255,3.3599998951,3.1393404007
256,3.3599998951,3.27938318253
257,3.46000003815,3.13623428345
258,3.43000006676,3.06004142761
259,3.43000006676,3.17187261581
260,3.3599998951,3.15564346313
261,3.32999992371,3.13672447205
262,3.31999993324,3.05312633514
263,3.25,3.08692312241
264,3.31999993324,3.24942064285
265,3.25999999046,3.19762706757
266,3.26999998093,3.13437414169
267,3.27999997139,3.288875103
268,3.32999992371,3.29922866821
269,3.24000000954,3.27363586426
270,3.29999995232,2.91381931305
271,3.23000001907,3.2351193428
272,3.21000003815,3.16268491745
273,3.18000006676,3.36887454987
274,3.15000009537,3.07400798798
275,3.19000005722,3.17967987061
276,3.13000011444,3.16930770874
277,3.27999997139,3.0590801239
278,3.15000009537,2.90025663376
279,3.22000002861,3.22793006897
280,3.25,3.1259303093
281,3.16000008583,3.10053825378
282,3.17000007629,3.39784574509
283,3.22000002861,3.12592744827
284,3.11999988556,3.27227497101
285,3.06999993324,3.15509748459
286,3.0,3.16860198975
287,3.07999992371,3.18453598022
288,3.05999994278,2.95194911957
289,3.04999995232,3.17489433289
290,3.06999993324,2.97731971741
291,3.03999996185,3.37724256516
292,3.01999998093,3.14644193649
293,3.02999997139,3.3096075058
294,3.00999999046,3.04698896408
295,3.0,2.91940355301
296,2.99000000954,3.27491807938
297,3.03999996185,3.16908502579
298,3.07999992371,2.99063014984
299,2.97000002861,3.01416063309
300,2.96000003815,3.09711742401
301,2.95000004768,2.96435785294
302,2.98000001907,3.03590726852
303,2.98000001907,2.94913291931
304,2.98000001907,2.98794651031
305,3.00999999046,3.36943483353
306,2.94000005722,3.08229875565
307,2.97000002861,3.04063653946
308,2.86999988556,3.06172132492
309,2.86999988556,3.11907291412
310,2.84999990463,3.00960254669
311,2.86999988556,3.31150150299
312,2.91000008583,2.97233390808
313,2.88000011444,3.01552152634
314,2.94000005722,2.88931322098
315,2.91000008583,2.99157762527
316,3.0,3.08791542053
317,2.92000007629,2.91693115234
318,2.99000000954,3.07374334335
319,2.95000004768,3.20458507538
320,2.92000007629,3.0620303154
321,2.93000006676,2.89431905746
322,2.90000009537,3.03759288788
323,2.90000009537,3.35105133057
324,2.86999988556,3.00672578812
325,2.93000006676,3.11386585236
326,2.90000009537,3.07597303391
327,2.88000011444,3.08708906174
328,2.88000011444,2.82247638702
329,2.8900001049,3.28828573227
330,2.90000009537,3.05830383301
331,2.90000009537,3.06114959717
332,2.91000008583,3.07951927185
333,2.91000008583,3.17503356934
334,2.92000007629,3.28268575668
335,2.93000006676,3.06180906296
336,2.92000007629,3.00699234009
337,2.93000006676,3.14540290833
338,2.91000008583,3.13206100464
339,2.90000009537,3.42487716675
340,2.92000007629,3.31780767441
341,2.92000007629,3.61437320709
342,2.94000005722,3.01615953445
343,2.94000005722,3.28241920471
344,2.94000005722,3.33133125305
345,2.92000007629,3.30919075012
346,2.92000007629,3.31968164444
347,2.91000008583,3.50573015213
348,2.94000005722,3.54667377472
349,2.93000006676,3.26194667816
350,2.93000006676,3.37665939331
351,2.97000002861,3.02940130234
352,2.98000001907,3.40352725983
353,2.94000005722,3.40379810333
354,2.95000004768,3.24759244919
355,2.94000005722,3.19841527939
356,3.00999999046,3.29341268539
357,3.00999999046,3.54017019272
358,3.0,3.2475643158
359,3.04999995232,3.15823554993
360,3.04999995232,3.43392133713
361,3.05999994278,3.19549465179
362,3.04999995232,3.13303089142
363,3.00999999046,3.15159654617
364,3.00999999046,3.21179628372
365,3.0,3.12841415405
366,3.0,3.35311794281
367,3.01999998093,3.1501083374
368,3.0,3.01581907272
369,3.0,3.43602609634
370,3.0,2.96761846542
371,3.01999998093,3.00905323029
372,3.02999997139,3.23926925659
373,3.01999998093,3.3764128685
374,3.0,3.42171001434
375,3.0,3.4899096489
376,2.99000000954,3.25432538986
377,3.0,3.27748823166
378,3.01999998093,3.25294494629
379,3.0,3.27479314804
380,3.0,3.10944032669
381,3.0,3.24265480042
382,3.02999997139,3.38125324249
383,3.01999998093,3.29701042175
384,3.01999998093,3.18927764893
385,3.02999997139,3.16400432587
386,3.04999995232,3.20893478394
387,3.02999997139,3.26580619812
388,3.01999998093,3.01719665527
389,3.04999995232,3.10466003418
390,3.04999995232,3.23380708694
391,3.02999997139,3.37201499939
392,3.04999995232,3.20285081863
393,3.07999992371,3.2190155983
394,3.08999991417,3.04834270477
395,3.09999990463,3.15200519562
396,3.09999990463,3.18875980377
397,3.11999988556,3.33244085312
398,3.09999990463,3.3924536705
399,3.15000009537,3.08618831635
400,3.11999988556,3.13150548935
401,3.13000011444,3.16383647919
402,3.15000009537,3.18627405167
403,3.15000009537,3.26000881195
404,3.15000009537,3.38478517532
405,3.15000009537,3.24726724625
406,3.17000007629,3.15796279907
407,3.16000008583,3.0362906456
408,3.15000009537,2.99622011185
409,3.18000006676,3.17044019699
410,3.17000007629,4.53457355499
411,3.18000006676,3.24037837982
412,3.17000007629,3.3385643959
413,3.17000007629,3.19114780426
414,3.20000004768,3.01005172729
415,3.23000001907,3.17399930954
416,3.24000000954,3.22804307938
417,3.20000004768,3.19764709473
418,3.20000004768,3.28696537018
419,3.19000005722,3.18385219574
420,3.20000004768,3.29134321213
421,3.20000004768,3.33124732971
422,3.25,3.3143362999
423,3.24000000954,3.07534313202
424,3.25,3.27116966248
425,3.27999997139,3.36604070663
426,3.25,3.21300935745
427,3.25999999046,3.29185295105
428,3.25,3.19316625595
429,3.25,3.0230255127
430,3.24000000954,3.38340520859
431,3.25,3.2472743988
432,3.25,3.04935836792
433,3.25,3.29461860657
434,3.25999999046,3.17966222763
435,3.25999999046,3.21231460571
436,3.25999999046,3.33354568481
437,3.25,3.17828083038
438,3.25,3.04329872131
439,3.24000000954,3.09640598297
440,3.24000000954,3.32655286789
441,3.20000004768,3.2322177887
442,3.25999999046,3.36701822281
443,3.25,3.05898141861
444,3.25,2.93465900421
445,3.25,3.17347478867
446,3.24000000954,3.15398931503
447,3.25999999046,3.07877445221
448,3.25,3.3131480217
449,3.24000000954,3.20203399658
450,3.24000000954,3.14592695236
451,3.23000001907,3.03153467178
452,3.23000001907,3.22416305542
453,3.23000001907,3.35375213623
454,3.21000003815,3.26753664017
455,3.20000004768,3.45830583572
456,3.20000004768,3.10082578659
457,3.20000004768,3.19091844559
458,3.18000006676,3.30863285065
459,3.18000006676,3.22981882095
460,3.17000007629,3.09621858597
461,3.17000007629,3.0881896019
462,3.16000008583,3.22847795486
463,3.15000009537,2.97209692001
464,3.13000011444,3.26852607727
465,3.1099998951,3.14730739594
466,3.04999995232,3.25420951843
467,3.0,3.17925691605
468,3.0,3.03972196579
469,3.0,2.93702793121
470,3.0,3.07890558243
471,3.0,2.99747753143
472,3.0,2.95752334595
473,3.0,2.88669300079
474,3.0,2.96461963654
475,2.99000000954,3.01680183411
476,2.97000002861,3.06271219254
477,2.96000003815,3.02557277679
478,2.95000004768,3.11094808578
479,2.96000003815,3.41000795364
480,2.95000004768,3.11226844788
481,2.95000004768,3.01242399216
482,2.95000004768,3.18851137161
483,2.95000004768,3.11412286758
484,2.95000004768,3.08537435532
485,2.94000005722,2.96664142609
486,2.95000004768,2.97069787979
487,2.94000005722,3.10706233978
488,2.94000005722,3.10953235626
489,2.94000005722,2.98009204865
490,2.95000004768,3.04089260101
491,2.95000004768,3.13724565506
492,2.96000003815,2.94258451462
493,2.96000003815,3.09219455719
494,2.98000001907,3.47593736649
495,2.99000000954,3.27336788177
496,2.98000001907,3.1532664299
497,2.97000002861,3.16167163849
498,2.96000003815,3.06362199783
499,2.95000004768,3.17039299011
500,2.97000002861,3.14062786102
501,2.97000002861,2.96163702011
502,2.97000002861,2.98631477356
503,2.96000003815,3.12807273865
504,2.98000001907,3.28041028976
505,2.98000001907,3.13151454926
506,3.04999995232,3.03031253815
507,3.05999994278,2.83844947815
508,3.06999993324,2.72017383575
509,3.01999998093,3.06361532211
510,2.99000000954,3.16712141037
511,2.98000001907,3.0208439827
512,2.98000001907,3.05087566376
513,2.99000000954,2.88635730743
514,2.99000000954,3.01684808731
515,2.99000000954,3.12941503525
516,2.99000000954,3.0807800293
517,2.99000000954,3.04754114151
518,3.03999996185,2.93961954117
519,3.04999995232,3.13948583603
520,3.03999996185,2.95075082779
521,3.04999995232,3.0832452774
522,3.02999997139,3.09553146362
523,3.03999996185,2.96709251404
524,3.02999997139,3.07329130173
525,3.01999998093,2.8953576088
526,3.02999997139,2.92958593369
527,3.01999998093,2.75699853897
528,3.03999996185,2.89009046555
529,3.03999996185,2.98756837845
530,3.03999996185,2.83085823059
531,3.03999996185,2.99188661575
532,3.02999997139,2.72004127502
533,3.01999998093,2.97550725937
534,3.01999998093,2.95681524277
535,3.02999997139,2.87793493271
536,3.01999998093,3.15882205963
537,3.01999998093,2.97539615631
538,3.03999996185,3.02910709381
539,3.01999998093,2.82171058655
540,3.00999999046,3.06486845016
541,3.0,3.01052045822
542,3.01999998093,2.90922164917
543,3.01999998093,2.9402961731
544,3.01999998093,2.83159732819
545,3.01999998093,3.46802949905
546,3.02999997139,3.04182624817
547,3.02999997139,3.16077041626
548,3.02999997139,3.04109430313
549,3.03999996185,3.0522108078
550,3.02999997139,3.08567380905
551,3.02999997139,3.13145208359
552,3.03999996185,2.97733736038
553,3.03999996185,3.0087146759
554,3.05999994278,3.22860765457
555,3.06999993324,3.35400915146
556,3.06999993324,3.44398832321
557,3.05999994278,3.37691926956
558,3.07999992371,3.01095724106
559,3.06999993324,3.2221159935
560,3.06999993324,3.11376428604
561,3.07999992371,3.19318771362
562,3.11999988556,3.07239770889
563,3.1400001049,3.31477212906
564,3.1400001049,3.36290025711
565,3.1400001049,3.48537921906
566,3.1400001049,3.03837919235
567,3.1400001049,3.24637699127
568,3.1099998951,3.46110916138
569,3.1099998951,3.32295894623
570,3.11999988556,3.34930372238
571,3.15000009537,3.32669973373
572,3.15000009537,3.05130672455
573,3.16000008583,3.46822786331
574,3.17000007629,3.5286359787
575,3.17000007629,3.43610143661
576,3.18000006676,3.42673492432
577,3.19000005722,3.51838254929
578,3.22000002861,3.4893283844
579,3.22000002861,3.40799474716
580,3.23000001907,2.96638345718
581,3.21000003815,3.50202846527
582,3.23000001907,3.40457868576
583,3.28999996185,3.32697677612
584,3.29999995232,3.3709154129
585,3.33999991417,3.34779453278
586,3.3599998951,3.37094640732
587,3.40000009537,3.09074687958
588,3.40000009537,3.0320763588
589,3.42000007629,3.24750518799
590,3.42000007629,3.28545808792
591,3.42000007629,3.27796697617
592,3.42000007629,3.48223114014
593,3.44000005722,3.60891723633
594,3.43000006676,3.70385503769
595,3.43000006676,3.4880566597
596,3.43000006676,3.281727314
597,3.44000005722,3.32766056061
598,3.44000005722,3.36875486374
599,3.46000003815,3.59311389923
600,3.49000000954,3.1700797081
601,3.48000001907,3.20399665833
602,3.49000000954,3.40699911118
603,3.49000000954,3.44658708572
604,3.51999998093,3.19587039948
605,3.52999997139,3.62466573715
606,3.53999996185,3.6438035965
607,3.55999994278,3.43961381912
608,3.56999993324,3.75372600555
609,3.57999992371,3.91286611557
610,3.58999991417,3.58361911774
611,3.6099998951,3.67858791351
612,3.63000011444,3.53625917435
613,3.58999991417,3.70944499969
614,3.58999991417,3.5445766449
615,3.58999991417,3.64796257019
616,3.57999992371,3.78491973877
617,3.58999991417,3.64483594894
618,3.58999991417,3.37665319443
619,3.58999991417,3.67857456207
620,3.63000011444,3.61522436142
621,3.68000006676,3.72971057892
622,3.70000004768,3.62717914581
623,3.79999995232,3.53186798096
624,3.82999992371,3.69738006592
625,3.82999992371,3.52025556564
626,3.82999992371,3.51508283615
627,3.97000002861,3.6566491127
628,4.05000019073,3.59175109863
629,4.05999994278,3.68676185608
630,4.03000020981,3.7763004303
631,4.05000019073,3.71479034424
632,4.07000017166,3.85574817657
633,4.07999992371,3.73305225372
634,4.07000017166,3.94830942154
635,4.05999994278,4.07696151733
636,4.07999992371,3.69427442551
637,4.13999986649,4.00868797302
638,4.13000011444,3.86085176468
639,4.13999986649,3.77291107178
640,4.13999986649,4.08453989029
641,4.15999984741,4.08816671371
642,4.13999986649,3.98033046722
643,4.21999979019,4.19873046875
644,4.23000001907,4.08498382568
645,4.26999998093,4.39179039001
646,4.34999990463,4.50461292267
647,4.34999990463,4.22295713425
648,4.40000009537,4.25020313263
649,4.44000005722,4.1947259903
650,4.46999979019,4.09500980377
651,4.44000005722,4.18439054489
652,4.42000007629,4.57630109787
653,4.40000009537,4.31194734573
654,4.40000009537,3.73601484299
655,4.44999980927,3.77670907974
656,4.44999980927,4.19554662704
657,4.44999980927,4.33274316788
658,4.46999979019,4.19772768021
659,4.46999979019,4.38276100159
660,4.48000001907,4.43737268448
661,4.42999982834,4.28548622131
662,4.42000007629,4.31539535522
663,4.48999977112,4.2531709671
664,4.48000001907,4.66990089417
665,4.48000001907,4.51716470718
666,4.46000003815,3.63357591629
667,4.44999980927,4.40263319016
668,4.44999980927,4.31913328171
669,4.44999980927,4.21851301193
670,4.46000003815,4.4920592308
671,4.46000003815,4.48355817795
672,4.48000001907,4.54523324966
673,4.46999979019,4.59329557419
674,4.32999992371,4.41054391861
675,4.30999994278,4.28447532654
676,4.34000015259,3.89931678772
677,4.28000020981,4.60273933411
678,4.34000015259,4.48240995407
679,4.28999996185,3.99725389481
680,4.26000022888,4.44471168518
681,4.28999996185,4.03678321838
682,4.38999986649,4.32723045349
683,4.38000011444,3.93995571136
684,4.32000017166,3.8723859787
685,4.32000017166,4.38744783401
686,4.34000015259,4.19389247894
687,4.36000013351,4.48323631287
688,4.36000013351,4.27979373932
689,4.34999990463,4.27472925186
690,4.34999990463,4.35800075531
691,4.30000019073,4.38529491425
692,4.26000022888,4.28237438202
693,4.23999977112,3.92996358871
694,4.23000001907,3.85651159286
695,4.21000003815,3.96930074692
696,4.21999979019,4.25624465942
697,4.13999986649,4.44872760773
698,4.19999980927,4.13333177567
699,4.28000020981,4.46869802475
700,4.26999998093,4.25415229797
701,4.26999998093,3.83136415482
702,4.23999977112,4.23989105225
703,4.23000001907,4.48112821579
704,4.23999977112,4.34621095657
705,4.26999998093,3.94140148163
706,4.28999996185,4.58360671997
707,4.28999996185,4.26172780991
708,4.36000013351,4.13981723785
709,4.38000011444,4.2891664505
710,4.38999986649,4.6346206665
711,4.48999977112,4.50997257233
712,4.53999996185,4.40555763245
713,4.53999996185,4.2782664299
714,4.55000019073,4.29133415222
715,4.55000019073,4.63047599792
716,4.5,4.33942651749
717,4.48999977112,4.55536460876
718,4.48999977112,4.78794384003
719,4.44999980927,4.5500626564
720,4.42000007629,4.42000484467
721,4.38999986649,4.40074157715
722,4.40000009537,4.63525724411
723,4.38999986649,4.30010509491
724,4.36999988556,4.5558757782
725,4.36999988556,4.02138090134
726,4.36999988556,3.86293935776
727,4.36999988556,4.31348514557
728,4.36999988556,4.52076244354
729,4.36999988556,4.46819162369
730,4.36999988556,4.32970380783
731,4.44999980927,4.50191068649
732,4.46000003815,4.55464506149
733,4.46999979019,4.37371921539
734,4.48000001907,4.02221107483
735,4.48999977112,4.25047969818
736,4.48999977112,4.56910562515
737,4.48999977112,4.34058523178
738,4.48999977112,4.20191478729
739,4.48000001907,4.34030056
740,4.48000001907,4.53747797012
741,4.48999977112,3.77776670456
742,4.5,4.01059436798
743,4.5,4.30578947067
744,4.53000020981,4.33954620361
745,4.51999998093,3.60682487488
746,4.53999996185,4.42320013046
747,4.53999996185,4.27257680893
748,4.57000017166,4.35857868195
749,4.59000015259,4.19879245758
750,4.59000015259,3.96694374084
751,4.59000015259,4.44088411331
752,4.59999990463,4.1808924675
753,4.59999990463,4.26476478577
754,4.57999992371,4.14374446869
755,4.55999994278,4.22639894485
756,4.55000019073,4.49285793304
757,4.55000019073,4.30929994583
758,4.53999996185,4.41785621643
759,4.53999996185,4.12959527969
760,4.51999998093,4.60679674149
761,4.51000022888,3.91859769821
762,4.51000022888,4.07975769043
763,4.51000022888,3.85064792633
764,4.51000022888,4.15570688248
765,4.51000022888,4.73870992661
766,4.51000022888,4.54589986801
767,4.5,4.6665353775
768,4.5,4.50225973129
769,4.5,4.53118085861
770,4.51000022888,4.12154483795
771,4.51000022888,4.51675128937
772,4.51000022888,4.19520664215
773,4.42999982834,4.25630235672
774,4.42999982834,4.58647251129
775,4.42999982834,4.58763551712
776,4.42999982834,3.95797109604
777,4.42999982834,4.09489011765
778,4.44999980927,4.43339681625
779,4.44999980927,4.27842998505
780,4.44999980927,4.77177286148
781,4.44999980927,4.30093717575
782,4.40000009537,4.45386791229
783,4.44000005722,4.01561260223
784,4.42999982834,4.06898641586
785,4.44000005722,4.91470527649
786,4.42999982834,4.63220739365
787,4.40000009537,4.59049463272
788,4.38999986649,4.27597522736
789,4.40000009537,4.40634822845
790,4.40000009537,3.95165109634
791,4.40999984741,3.9582400322
792,4.38999986649,4.20101118088
793,4.40000009537,4.24990177155
794,4.40000009537,4.62267160416
795,4.40000009537,4.38233661652
796,4.40000009537,4.80441236496
797,4.40000009537,4.91759777069
798,4.38000011444,4.44135284424
799,4.36999988556,4.57125854492
800,4.28999996185,4.59994506836
801,4.23999977112,4.4778547287
802,4.23999977112,4.34850263596
803,4.21999979019,4.48098373413
804,4.25,4.53602361679
805,4.25,4.5200252533
806,4.19000005722,4.55350017548
807,4.13000011444,3.93579530716
808,4.13000011444,3.90861988068
809,4.13000011444,3.95429325104
810,4.13000011444,4.57086610794
811,4.15000009537,3.76723861694
812,4.15000009537,3.18365240097
813,4.15999984741,4.38001966476
814,4.15999984741,4.2810959816
815,4.17999982834,3.91349315643
816,4.19000005722,4.00708675385
817,4.21999979019,4.1195936203
818,4.17000007629,4.20618438721
819,4.17999982834,4.15027093887
820,4.15999984741,3.94541549683
821,4.13999986649,3.92954063416
822,4.13999986649,4.08767652512
823,4.13999986649,3.27825737
824,4.13000011444,4.24746894836
825,4.13000011444,4.0982708931
826,4.13000011444,4.34869146347
827,4.15000009537,3.98515939713
828,4.15999984741,4.09969711304
829,4.17999982834,4.08614730835
830,4.17999982834,4.15567064285
831,4.17999982834,4.16353082657
832,4.19999980927,4.06864023209
833,4.19999980927,3.87189817429
834,4.17000007629,4.09853792191
835,4.15000009537,3.78212308884
836,4.11999988556,3.79887914658
837,4.11999988556,4.32053184509
838,4.07999992371,4.06416368484
839,4.07999992371,4.43456220627
840,4.07999992371,4.29029512405
841,4.07999992371,3.87191677094
842,4.05000019073,4.16864442825
843,4.03999996185,4.28277778625
844,4.0,4.49833393097
845,4.01000022888,4.14066457748
846,4.05000019073,4.108253479
847,4.05999994278,4.29827880859
848,4.05000019073,4.21554899216
849,4.03999996185,4.29551410675
850,4.03999996185,3.7946844101
851,4.05000019073,3.99770355225
852,4.05000019073,4.01806545258
853,4.05000019073,4.3192820549
854,4.03999996185,3.94570207596
855,4.05000019073,4.16781187057
856,4.03999996185,3.57690954208
857,4.01999998093,4.06301784515
858,4.01999998093,4.27777242661
859,4.01999998093,4.10647296906
860,4.01000022888,3.80072307587
861,4.01000022888,4.37501192093
862,4.01000022888,4.17934846878
863,4.01999998093,4.46540212631
864,4.05999994278,4.34822702408
865,4.07000017166,3.74249315262
866,4.07000017166,4.14543676376
867,4.07000017166,4.47605895996
868,4.07000017166,4.31147766113
869,4.07000017166,4.41399288177
870,4.07000017166,4.03128194809
871,4.05999994278,4.18817090988
872,4.05999994278,3.78287935257
873,4.13999986649,3.85935306549
874,4.13000011444,3.93436050415
875,4.11999988556,4.08655309677
876,4.15000009537,4.26973772049
877,4.15000009537,4.00102090836
878,4.17000007629,3.98446083069
879,4.17000007629,4.36078119278
880,4.15000009537,4.34627914429
881,4.17000007629,4.23180532455
882,4.17000007629,4.40085792542
883,4.17000007629,4.21003341675
884,4.15999984741,3.90935468674
885,4.15999984741,3.91433095932
886,4.15999984741,4.24841451645
887,4.15999984741,4.30335426331
888,4.17000007629,4.04815292358
889,4.15999984741,4.41846609116
890,4.15999984741,3.83233880997
891,4.15999984741,4.23397731781
892,4.15999984741,4.19696950912
893,4.15999984741,4.01510095596
894,4.15999984741,4.16141891479
895,4.15999984741,4.29811096191
896,4.21000003815,4.02085971832
897,4.32000017166,3.98344373703
898,4.30000019073,4.05692911148
899,4.30999994278,4.25082969666
900,4.32000017166,4.56498861313
901,4.34000015259,4.47202205658
902,4.34000015259,4.56739234924
903,4.34000015259,4.70018434525
904,4.42000007629,4.5647482872
905,4.46999979019,4.63312101364
906,4.46000003815,4.65953063965
907,4.46000003815,4.62870264053
908,4.51999998093,4.62710428238
909,4.55999994278,4.55966234207
910,4.53000020981,4.3543381691
911,4.53000020981,4.36127471924
912,4.53999996185,4.45998191833
913,4.53000020981,4.18863773346
914,4.53000020981,4.27859687805
915,4.55000019073,4.56216573715
916,4.53000020981,4.15317726135
917,4.51000022888,4.25013589859
918,4.46999979019,4.49142503738
919,4.46000003815,4.29461956024
920,4.42999982834,4.54721260071
921,4.42999982834,4.416410923
922,4.42999982834,4.44356250763
923,4.42999982834,4.80524396896
924,4.42000007629,4.55931472778
925,4.42000007629,4.43221759796
926,4.40999984741,4.03136825562
927,4.40999984741,4.43437671661
928,4.40999984741,4.5935587883
929,4.42999982834,4.61562919617
930,4.44000005722,4.58208656311
931,4.44000005722,4.38608884811
932,4.44000005722,4.54443216324
933,4.44000005722,4.50609397888
934,4.46000003815,4.27903938293
935,4.46000003815,3.83983850479
936,4.46000003815,3.98568058014
937,4.44000005722,4.29044437408
938,4.51999998093,4.53387641907
939,4.5,4.2656826973
940,4.55999994278,4.42981100082
941,4.51000022888,4.62511205673
942,4.5,4.54044055939
943,4.46999979019,4.18957948685
944,4.40999984741,4.42717075348
945,4.40999984741,4.51478147507
946,4.40000009537,4.78858995438
947,4.38999986649,4.31364583969
948,4.36999988556,4.39789438248
949,4.36000013351,4.00911569595
950,4.34000015259,4.11988210678
951,4.32999992371,4.46113729477
952,4.30999994278,3.76397562027
953,4.28000020981,4.24446439743
954,4.21999979019,4.23959636688
955,4.13999986649,4.09131765366
956,4.17000007629,4.04485177994
957,4.13999986649,3.90437269211
958,4.15999984741,4.12059307098
959,4.17000007629,3.89413404465
960,4.17000007629,4.2424287796
961,4.13999986649,4.0794377327
962,4.09999990463,3.55248689651
963,4.05999994278,3.96024751663
964,3.97000002861,3.81573867798
965,3.79999995232,3.80631160736
966,3.71000003815,3.96094751358
967,3.71000003815,3.27883386612
968,3.69000005722,3.4119515419
969,3.75999999046,3.66971969604
970,3.75999999046,3.66082000732
971,3.75999999046,3.8717675209
972,3.73000001907,3.81997156143
973,3.73000001907,3.89627933502
974,3.71000003815,3.35959863663
975,3.72000002861,3.912109375
976,3.72000002861,3.46480607986
977,3.68000006676,3.34270715714
978,3.52999997139,3.57701539993
979,3.34999990463,3.22035551071
980,3.15000009537,3.40073537827
981,3.04999995232,3.41252088547
982,3.13000011444,3.12101650238
983,3.16000008583,3.30226516724
984,3.1099998951,3.23300266266
985,3.13000011444,3.49384260178
986,3.18000006676,3.04804992676
987,3.18000006676,3.35703325272
988,3.18000006676,2.97116565704
989,3.19000005722,3.54393339157
990,3.20000004768,3.30814599991
991,3.19000005722,3.03660774231
992,3.15000009537,3.41316175461
993,3.09999990463,3.54678440094
994,3.06999993324,3.13081359863
995,3.06999993324,2.98762464523
996,3.07999992371,3.01043176651
997,3.04999995232,3.24593544006
998,3.05999994278,2.99992418289
999,3.06999993324,3.46510267258
1000,3.03999996185,3.26943063736
1001,2.98000001907,3.04078006744
1002,2.90000009537,2.97875070572
1003,2.92000007629,3.28057861328
1004,2.90000009537,3.16405153275
1005,2.8599998951,2.93128728867
1006,2.95000004768,3.35646867752
1007,3.0,3.35155582428
1008,3.0,2.84712362289
1009,3.08999991417,3.20011377335
1010,3.04999995232,3.29300785065
1011,3.0,3.17766189575
1012,3.05999994278,3.58648061752
1013,3.17000007629,3.3145160675
1014,3.09999990463,3.41348457336
1015,2.91000008583,3.01271772385
1016,2.99000000954,3.34308481216
1017,3.03999996185,3.24007511139
1018,3.02999997139,3.05767822266
1019,2.95000004768,3.1076669693
1020,2.93000006676,3.29532003403
1021,2.91000008583,3.21919107437
1022,2.91000008583,2.9420633316
1023,3.00999999046,3.02203559875
1024,3.00999999046,3.10849237442
1025,3.0,3.107442379
1026,2.92000007629,3.19583368301
1027,2.92000007629,3.17124509811
1028,2.92000007629,2.95587396622
1029,2.80999994278,2.9792547226
1030,2.70000004768,3.02886533737
1031,2.74000000954,3.065969944
1032,2.74000000954,3.08673810959
1033,2.69000005722,3.25867509842
1034,2.70000004768,2.94593381882
1035,2.70000004768,3.02071619034
1036,2.73000001907,2.8887887001
1037,2.75999999046,2.94274520874
1038,2.75999999046,3.35340309143
1039,2.75,3.33710670471
1040,2.75,3.04763317108
1041,2.71000003815,3.51031970978
1042,2.73000001907,3.18750190735
1043,2.69000005722,2.92063951492
1044,2.67000007629,2.93580007553
1045,2.67000007629,2.94156169891
1046,2.67000007629,3.10094976425
1047,2.70000004768,2.98426532745
1048,2.82999992371,3.34818029404
1049,2.88000011444,3.05875253677
1050,2.99000000954,2.95769643784
1051,2.99000000954,2.94361829758
1052,3.00999999046,3.43382072449
1053,3.09999990463,3.04992675781
1054,3.1400001049,3.05015563965
1055,3.05999994278,2.95524549484
1056,3.03999996185,3.24110460281
1057,3.03999996185,3.01355314255
1058,3.03999996185,3.33287811279
1059,3.04999995232,3.13178443909
1060,3.1400001049,2.92755556107
1061,3.18000006676,2.95635890961
1062,3.28999996185,3.26686000824
1063,3.40000009537,3.10957670212
1064,3.29999995232,3.19994926453
1065,3.26999998093,3.12992334366
1066,3.29999995232,3.33092880249
1067,3.23000001907,2.99765014648
1068,3.13000011444,3.12292480469
1069,3.13000011444,3.16575860977
1070,3.15000009537,3.03171682358
1071,3.19000005722,2.92175769806
1072,3.17000007629,3.05397891998
1073,3.1400001049,3.04408931732
1074,3.16000008583,3.01145601273
1075,3.16000008583,3.14344072342
1076,3.15000009537,3.00295114517
1077,3.1400001049,3.04074430466
1078,3.1400001049,3.03453683853
1079,3.15000009537,2.94921731949
1080,3.16000008583,2.90781021118
1081,3.18000006676,3.02276754379
1082,3.21000003815,3.04248285294
1083,3.23000001907,3.02443790436
1084,3.23000001907,2.99769973755
1085,3.20000004768,3.3014998436
1086,3.18000006676,2.99538373947
1087,3.13000011444,3.25992107391
1088,3.15000009537,3.02535390854
1089,3.15000009537,3.00429105759
1090,3.15000009537,3.14189624786
1091,3.11999988556,3.03449678421
1092,3.09999990463,2.89753866196
1093,3.07999992371,2.79220676422
1094,3.07999992371,3.03473472595
1095,3.07999992371,3.14289999008
1096,3.13000011444,3.14256286621
1097,3.13000011444,3.57134580612
1098,3.16000008583,3.16095924377
1099,3.16000008583,3.19984197617
1100,3.16000008583,3.1582159996
1101,3.16000008583,2.94537734985
1102,3.16000008583,3.11601161957
1103,3.17000007629,3.41710948944
1104,3.18000006676,3.07168912888
1105,3.18000006676,3.13882732391
1106,3.19000005722,3.1653881073
1107,3.19000005722,3.24860858917
1108,3.20000004768,2.94195890427
1109,3.20000004768,3.23402929306
1110,3.20000004768,3.17481327057
1111,3.21000003815,3.03072500229
1112,3.18000006676,3.08080339432
1113,3.16000008583,2.91588592529
1114,3.1400001049,3.12223386765
1115,3.16000008583,2.98680305481
1116,3.16000008583,3.26010036469
1117,3.16000008583,3.20099115372
1118,3.16000008583,3.10873985291
1119,3.16000008583,3.27000665665
1120,3.15000009537,3.18167066574
1121,3.13000011444,3.20125865936
1122,3.1099998951,3.20322942734
1123,3.1099998951,3.07363271713
1124,3.1099998951,3.26747322083
1125,3.09999990463,3.05778169632
1126,3.07999992371,2.97269821167
1127,3.06999993324,3.23499536514
1128,3.06999993324,3.11317110062
1129,3.06999993324,3.10446357727
1130,3.06999993324,2.9232673645
1131,3.03999996185,3.08027553558
1132,3.02999997139,2.95042943954
1133,3.02999997139,3.14239120483
1134,3.02999997139,3.39165306091
1135,3.03999996185,2.9521689415
1136,3.03999996185,3.02431249619
1137,3.03999996185,3.13588094711
1138,3.03999996185,3.27794790268
1139,3.03999996185,3.19768381119
1140,3.04999995232,3.1828918457
1141,3.03999996185,3.24141120911
1142,3.03999996185,3.16253423691
1143,3.03999996185,2.97717237473
1144,3.05999994278,3.04425764084
1145,3.04999995232,3.25516700745
1146,3.06999993324,3.02098894119
1147,3.13000011444,3.00978422165
1148,3.15000009537,2.90227127075
1149,3.15000009537,3.10847187042
1150,3.15000009537,3.10822057724
1151,3.17000007629,3.33684825897
1152,3.17000007629,3.19373369217
1153,3.19000005722,3.10239028931
1154,3.19000005722,3.12694787979
1155,3.15000009537,3.05798101425
1156,3.13000011444,3.15576887131
1157,3.15000009537,3.03836154938
1158,3.15000009537,3.35020828247
1159,3.19000005722,3.35563755035
1160,3.23000001907,3.34016132355
1161,3.24000000954,3.44469165802
1162,3.25,3.1296081543
1163,3.25999999046,3.27180767059
1164,3.25,3.09187030792
1165,3.24000000954,3.34663629532
1166,3.23000001907,3.25178956985
1167,3.23000001907,3.25502300262
1168,3.25,3.2746348381
1169,3.26999998093,3.2901391983
1170,3.26999998093,3.17749881744
1171,3.26999998093,3.47181367874
1172,3.30999994278,3.40230512619
1173,3.30999994278,3.47708654404
1174,3.30999994278,3.37128782272
1175,3.32999992371,3.47137403488
1176,3.38000011444,3.41906833649
1177,3.44000005722,3.38576745987
1178,3.45000004768,3.42565727234
1179,3.48000001907,3.52581167221
1180,3.47000002861,3.36048936844
1181,3.45000004768,3.45744562149
1182,3.45000004768,2.97022914886
1183,3.46000003815,3.27906131744
1184,3.50999999046,3.52337837219
1185,3.49000000954,3.50427865982
1186,3.5,3.38031053543
1187,3.49000000954,3.29565858841
1188,3.5,3.65925502777
1189,3.5,3.70835971832
1190,3.51999998093,3.62265539169
1191,3.51999998093,3.54686737061
1192,3.51999998093,3.62835741043
1193,3.51999998093,3.29159116745
1194,3.51999998093,3.51875209808
1195,3.51999998093,3.75639247894
1196,3.51999998093,3.4445681572
1197,3.51999998093,3.20471048355
1198,3.51999998093,3.53882360458
1199,3.51999998093,3.4483757019
1200,3.51999998093,3.33392620087
1201,3.52999997139,3.44980716705
1202,3.51999998093,3.59185218811
1203,3.52999997139,3.29836320877
1204,3.49000000954,3.67215490341
1205,3.5,3.45389175415
1206,3.49000000954,3.38595247269
1207,3.48000001907,3.50412464142
1208,3.48000001907,3.34090852737
1209,3.48000001907,3.68458271027
1210,3.48000001907,3.52016592026
1211,3.5,3.5307393074
1212,3.49000000954,3.41738033295
1213,3.47000002861,3.44637537003
1214,3.43000006676,3.63619375229
1215,3.43000006676,3.6268324852
1216,3.43000006676,3.33542060852
1217,3.45000004768,3.38922452927
1218,3.47000002861,3.51591444016
1219,3.46000003815,3.78175401688
1220,3.46000003815,3.2478966713
1221,3.45000004768,3.37475204468
1222,3.46000003815,3.7302942276
1223,3.47000002861,3.61597967148
1224,3.50999999046,3.48391437531
1225,3.51999998093,3.34327745438
1226,3.50999999046,3.42774438858
1227,3.50999999046,3.43466711044
1228,3.50999999046,3.88360595703
1229,3.50999999046,3.61260557175
1230,3.49000000954,3.57310247421
1231,3.5,3.81458425522
1232,3.50999999046,3.32329845428
1233,3.50999999046,3.67333602905
1234,3.54999995232,3.56353902817
1235,3.54999995232,3.38565731049
1236,3.59999990463,4.09350585938
1237,3.63000011444,3.44658899307
1238,3.68000006676,3.71542072296
1239,3.70000004768,4.26776409149
1240,3.71000003815,3.91741704941
1241,3.68000006676,3.63893175125
1242,3.68000006676,3.76076602936
1243,3.69000005722,3.6683049202
1244,3.66000008583,3.83566665649
1245,3.69000005722,3.6754655838
1246,3.69000005722,3.90876197815
1247,3.69000005722,3.77243375778
1248,3.69000005722,3.62075614929
1249,3.68000006676,3.93273210526
1250,3.69000005722,4.04785203934
1251,3.69000005722,3.55732250214
1252,3.69000005722,3.92652130127
1253,3.70000004768,4.06344985962
1254,3.72000002861,4.00443792343
1255,3.73000001907,3.80539131165
1256,3.73000001907,3.65651416779
1257,3.73000001907,3.52027988434
1258,3.70000004768,4.17213010788
1259,3.69000005722,3.55341339111
1260,3.69000005722,3.93391084671
1261,3.69000005722,3.86364364624
1262,3.70000004768,3.39604997635
1263,3.69000005722,3.24747371674
1264,3.69000005722,3.54542350769
1265,3.66000008583,3.70667600632
1266,3.67000007629,3.07628250122
1267,3.65000009537,3.79894971848
1268,3.65000009537,3.64084529877
1269,3.65000009537,3.79536151886
1270,3.57999992371,3.32487535477
1271,3.55999994278,3.58630371094
1272,3.56999993324,3.6545882225
1273,3.56999993324,3.46979284286
1274,3.58999991417,3.70990276337
1275,3.59999990463,3.75230264664
1276,3.61999988556,3.42837047577
1277,3.63000011444,3.69008302689
1278,3.63000011444,3.69616413116
1279,3.63000011444,3.5219950676
1280,3.63000011444,3.53774785995
1281,3.63000011444,3.4865603447
1282,3.63000011444,3.73061180115
1283,3.63000011444,3.41880178452
1284,3.6400001049,3.73038625717
1285,3.6400001049,3.85970592499
1286,3.65000009537,3.58363962173
1287,3.65000009537,3.76020050049
1288,3.66000008583,3.55107307434
1289,3.66000008583,3.62688446045
1290,3.65000009537,3.52611494064
1291,3.65000009537,3.4341135025
1292,3.6400001049,3.54729652405
1293,3.6400001049,4.01217794418
1294,3.6400001049,3.71825504303
1295,3.6400001049,3.73821115494
1296,3.66000008583,3.78455209732
1297,3.66000008583,3.70927095413
1298,3.6400001049,3.74237585068
1299,3.65000009537,3.44331169128
1300,3.66000008583,3.63509702682
1301,3.67000007629,3.825258255
1302,3.67000007629,3.91056394577
1303,3.71000003815,3.75184202194
1304,3.69000005722,3.71457290649
1305,3.69000005722,3.87957239151
1306,3.69000005722,3.80814123154
1307,3.66000008583,3.59470796585
1308,3.6400001049,3.42551088333
1309,3.66000008583,3.47930049896
1310,3.63000011444,3.59589481354
1311,3.59999990463,3.67774248123
1312,3.57999992371,3.63987159729
1313,3.55999994278,3.49833631516
1314,3.58999991417,3.54628753662
1315,3.57999992371,3.57567214966
1316,3.53999996185,3.51236772537
1317,3.5,3.56209659576
1318,3.46000003815,3.46128177643
1319,3.5,3.62399339676
1320,3.47000002861,3.45130586624
1321,3.47000002861,3.45764827728
1322,3.47000002861,3.58448839188
1323,3.46000003815,3.49719285965
1324,3.45000004768,3.52667188644
1325,3.46000003815,3.37889480591
1326,3.46000003815,3.52608728409
1327,3.49000000954,3.54251384735
1328,3.48000001907,3.6100230217
1329,3.50999999046,3.44300889969
1330,3.50999999046,3.45162630081
1331,3.46000003815,3.36548137665
1332,3.44000005722,3.23320198059
1333,3.38000011444,3.36613035202
1334,3.3599998951,3.6622004509
1335,3.33999991417,3.41529607773
1336,3.31999993324,3.52141237259
1337,3.34999990463,3.44279718399
1338,3.34999990463,3.49179315567
1339,3.3599998951,3.56465387344
1340,3.38000011444,3.47395277023
1341,3.40000009537,3.46206474304
1342,3.46000003815,3.36414003372
1343,3.45000004768,3.43215990067
1344,3.45000004768,3.08376836777
1345,3.43000006676,3.67454528809
1346,3.38000011444,3.54313182831
1347,3.3599998951,3.172727108
1348,3.38000011444,3.47446393967
1349,3.42000007629,3.57354974747
1350,3.41000008583,3.27771425247
1351,3.40000009537,3.48241233826
1352,3.42000007629,3.34671878815
1353,3.46000003815,3.26466083527
1354,3.48000001907,3.59404277802
1355,3.5,3.45858430862
1356,3.48000001907,3.35138273239
1357,3.47000002861,3.39400339127
1358,3.48000001907,3.39778375626
1359,3.5,3.23990249634
1360,3.51999998093,3.37067556381
1361,3.54999995232,3.63931894302
1362,3.54999995232,3.28784513474
1363,3.52999997139,3.30766057968
1364,3.5,3.37987375259
1365,3.5,3.29051399231
1366,3.50999999046,3.33017873764
1367,3.48000001907,3.31064414978
1368,3.41000008583,3.63160419464
1369,3.41000008583,3.4965057373
1370,3.44000005722,3.60228681564
1371,3.41000008583,3.11040496826
1372,3.41000008583,3.10281801224
1373,3.36999988556,3.00277471542
1374,3.38000011444,3.35767841339
1375,3.34999990463,2.94432544708
1376,3.3599998951,3.12722635269
1377,3.3599998951,3.2918138504
1378,3.38000011444,3.17373037338
1379,3.3599998951,3.21472167969
1380,3.34999990463,3.04588413239
1381,3.26999998093,3.22637176514
1382,3.29999995232,3.13982629776
1383,3.29999995232,3.21246814728
1384,3.27999997139,3.15688180923
1385,3.26999998093,3.34628725052
1386,3.26999998093,3.35455703735
1387,3.23000001907,3.35046195984
1388,3.21000003815,3.25749874115
1389,3.19000005722,3.57014656067
1390,3.21000003815,3.41067790985
1391,3.20000004768,3.53359508514
1392,3.23000001907,3.16588449478
1393,3.20000004768,3.29205846786
1394,3.23000001907,3.40149784088
1395,3.24000000954,3.16824197769
1396,3.25,3.39733409882
1397,3.24000000954,3.41559505463
1398,3.26999998093,3.40448236465
1399,3.26999998093,3.04674863815
1400,3.25,3.35217571259
1401,3.25,3.42953586578
1402,3.23000001907,3.44525003433
1403,3.24000000954,3.1246175766
1404,3.27999997139,3.10482501984
1405,3.28999996185,3.3544178009
1406,3.32999992371,3.34491729736
1407,3.32999992371,3.39672327042
1408,3.32999992371,3.19573926926
1409,3.32999992371,3.21275806427
1410,3.38000011444,3.31488370895
1411,3.3900001049,3.09470653534
1412,3.38000011444,3.27994441986
1413,3.41000008583,3.23900413513
1414,3.42000007629,3.09091520309
1415,3.38000011444,3.2117562294
1416,3.33999991417,3.09238147736
1417,3.28999996185,3.27305936813
1418,3.27999997139,3.22698402405
1419,3.27999997139,3.23410844803
1420,3.26999998093,3.49879789352
1421,3.25,3.33468580246
1422,3.22000002861,3.52301883698
1423,3.22000002861,3.43870353699
1424,3.24000000954,3.41262817383
1425,3.23000001907,3.4990606308
1426,3.21000003815,3.48620319366
1427,3.18000006676,3.63308048248
1428,3.17000007629,3.39111042023
1429,3.18000006676,3.61647748947
1430,3.20000004768,3.41839170456
1431,3.19000005722,3.62354469299
1432,3.21000003815,3.57296657562
1433,3.21000003815,3.45165538788
1434,3.22000002861,3.06751012802
1435,3.25,3.60888814926
1436,3.27999997139,3.43577432632
1437,3.27999997139,3.45783615112
1438,3.29999995232,3.4068813324
1439,3.29999995232,3.61872005463
1440,3.29999995232,3.37711620331
1441,3.30999994278,3.53792333603
1442,3.30999994278,3.20641803741
1443,3.29999995232,3.31277704239
1444,3.29999995232,3.22600269318
1445,3.28999996185,3.31391334534
1446,3.29999995232,3.19421339035
1447,3.29999995232,3.26189041138
1448,3.26999998093,3.55995416641
1449,3.22000002861,3.375020504
1450,3.24000000954,3.45687437057
1451,3.25,3.37750864029
1452,3.25,3.25842618942
1453,3.25,3.35992431641
1454,3.25,3.11783075333
1455,3.24000000954,3.39891767502
1456,3.23000001907,3.41109371185
1457,3.22000002861,3.42491149902
1458,3.22000002861,3.23946046829
1459,3.23000001907,3.51936864853
1460,3.24000000954,3.48320484161
1461,3.23000001907,3.20884799957
1462,3.23000001907,3.09735298157
1463,3.24000000954,3.56974124908
1464,3.24000000954,3.37404727936
1465,3.24000000954,3.33512401581
1466,3.25999999046,3.27780294418
1467,3.26999998093,3.39700031281
1468,3.25999999046,3.42185783386
1469,3.26999998093,3.08014774323
1470,3.29999995232,3.16404104233
1471,3.32999992371,3.21834373474
1472,3.31999993324,3.6053314209
1473,3.33999991417,3.0433883667
1474,3.33999991417,3.10072803497
1475,3.34999990463,3.43413972855
1476,3.34999990463,3.20850801468
1477,3.33999991417,3.31375217438
1478,3.33999991417,3.34967756271
1479,3.33999991417,3.56558799744
1480,3.33999991417,3.32255887985
1481,3.33999991417,3.3335647583
1482,3.33999991417,3.53545475006
1483,3.33999991417,3.3844408989
1484,3.32999992371,3.3382358551
1485,3.31999993324,3.10503482819
1486,3.31999993324,3.42142295837
1487,3.32999992371,3.02091693878
1488,3.3599998951,3.68998098373
1489,3.40000009537,3.30093717575
1490,3.42000007629,3.45508050919
1491,3.43000006676,3.25015258789
1492,3.43000006676,3.41353368759
1493,3.42000007629,3.39149475098
1494,3.42000007629,3.28679180145
1495,3.42000007629,3.40953588486
1496,3.61999988556,3.69699573517
1497,3.6400001049,3.52925014496
1498,3.6400001049,3.74104690552
1499,3.6400001049,3.55358791351
1500,3.69000005722,3.63909435272
1501,3.70000004768,3.78110218048
1502,3.69000005722,3.56320238113
1503,3.68000006676,3.49440288544
1504,3.69000005722,3.39245700836
1505,3.75,3.65269756317
1506,3.80999994278,3.70529651642
1507,3.83999991417,3.44259023666
1508,3.84999990463,3.44852972031
1509,3.83999991417,3.36522769928
1510,3.83999991417,3.78274536133
1511,3.92000007629,3.95489597321
1512,3.95000004768,3.99942445755
1513,3.95000004768,3.86148929596
1514,3.95000004768,3.87557888031
1515,3.91000008583,3.93102645874
1516,3.8599998951,3.58686208725
1517,3.82999992371,3.60805368423
1518,3.86999988556,4.15753602982
1519,3.92000007629,4.21130943298
1520,3.93000006676,3.50722742081
1521,3.95000004768,4.37705135345
1522,3.97000002861,4.28765916824
1523,4.01000022888,3.93311023712
1524,4.0,3.71920824051
1525,3.97000002861,3.68031024933
1526,3.8900001049,4.04402732849
1527,3.8599998951,3.85282754898
1528,3.86999988556,3.9046831131
1529,3.86999988556,3.56252574921
1530,3.83999991417,3.8036236763
1531,3.8599998951,3.61665582657
1532,3.90000009537,3.64578104019
1533,3.8900001049,3.61381721497
1534,3.84999990463,3.63119649887
1535,3.84999990463,3.44968271255
1536,3.81999993324,3.69997167587
1537,3.79999995232,3.87262964249
1538,3.80999994278,3.94629192352
1539,3.78999996185,3.74629354477
1540,3.79999995232,3.57238006592
1541,3.79999995232,3.712413311
1542,3.80999994278,3.9152340889
1543,3.80999994278,3.71154785156
1544,3.8900001049,3.67862701416
1545,3.91000008583,3.90547180176
1546,3.90000009537,3.88272666931
1547,3.88000011444,3.76025819778
1548,3.88000011444,3.89125537872
1549,3.8599998951,3.99921607971
1550,3.80999994278,4.01705646515
1551,3.82999992371,4.14884853363
1552,3.81999993324,3.87495040894
1553,3.83999991417,3.840321064
1554,3.86999988556,3.89663267136
1555,3.8599998951,4.16997861862
1556,3.88000011444,4.09462881088
1557,3.92000007629,4.15332984924
1558,3.97000002861,4.17074632645
1559,4.0,3.96103096008
1560,3.98000001907,4.11599445343
1561,3.97000002861,4.16746997833
1562,3.98000001907,3.92941379547
1563,3.99000000954,4.19455862045
1564,4.01999998093,3.77997207642
1565,4.0,3.90562677383
1566,4.01000022888,3.80386066437
1567,4.01000022888,4.13050985336
1568,4.01000022888,3.84622144699
1569,4.01999998093,3.94828462601
1570,4.01999998093,4.05799531937
1571,4.01999998093,4.27434396744
1572,4.09999990463,4.44155406952
1573,4.11999988556,4.08021831512
1574,4.11000013351,3.98987627029
1575,4.11000013351,3.88520622253
1576,4.05999994278,4.26419782639
1577,4.05000019073,4.00422954559
1578,4.05000019073,4.18405675888
1579,4.03999996185,3.9294462204
1580,4.05000019073,4.04407167435
1581,4.07000017166,4.0076007843
1582,4.03999996185,3.89733695984
1583,3.99000000954,3.95072746277
1584,3.91000008583,4.46508169174
1585,3.96000003815,4.13243436813
1586,3.93000006676,4.1363286972
1587,3.93000006676,4.0754108429
1588,3.92000007629,4.01665401459
1589,3.93000006676,3.86464452744
1590,3.94000005722,4.02465248108
1591,3.94000005722,4.05022859573
1592,3.91000008583,3.78842687607
1593,3.8900001049,3.985206604
1594,3.93000006676,3.8899769783
1595,3.93000006676,3.76839160919
1596,3.91000008583,4.08060836792
1597,3.86999988556,3.79069423676
1598,3.8599998951,3.98321866989
1599,3.82999992371,3.86633205414
1600,3.84999990463,3.98116064072
1601,3.88000011444,4.01896619797
1602,3.90000009537,3.79687976837
1603,3.90000009537,3.6171579361
1604,3.88000011444,3.98156166077
1605,3.86999988556,3.85492181778
1606,3.88000011444,3.82396602631
1607,3.90000009537,3.91277503967
1608,3.91000008583,3.79014873505
1609,3.91000008583,3.68206214905
1610,3.91000008583,3.81876659393
1611,3.91000008583,3.69731283188
1612,3.92000007629,3.61051559448
1613,3.92000007629,4.02199077606
1614,3.91000008583,4.04394674301
1615,3.8900001049,3.76129722595
1616,3.86999988556,3.90561008453
1617,3.86999988556,3.95241546631
1618,3.86999988556,3.85116147995
1619,3.86999988556,4.02939987183
1620,3.90000009537,3.81191921234
1621,3.8900001049,3.98456764221
1622,3.8900001049,3.79967021942
1623,3.8900001049,3.8585100174
1624,3.90000009537,3.63323116302
1625,3.90000009537,3.8715004921
1626,3.90000009537,3.85607481003
1627,3.88000011444,4.15946769714
1628,3.86999988556,3.91560792923
1629,3.86999988556,3.71535015106
1630,3.88000011444,3.73065376282
1631,3.88000011444,3.80146884918
1632,3.86999988556,3.92666769028
1633,3.82999992371,3.56069755554
1634,3.83999991417,3.67656469345
1635,3.82999992371,3.72374534607
1636,3.82999992371,3.8915719986
1637,3.81999993324,3.47704553604
1638,3.83999991417,3.82115030289
1639,3.83999991417,3.82526779175
1640,3.82999992371,3.64583492279
1641,3.82999992371,3.61514854431
1642,3.82999992371,3.5263838768
1643,3.83999991417,3.54668045044
1644,3.83999991417,3.674243927
1645,3.83999991417,3.86211967468
1646,3.83999991417,3.94546556473
1647,3.83999991417,3.91153335571
1648,3.81999993324,3.97643852234
1649,3.82999992371,3.42345952988
1650,3.82999992371,3.9751329422
1651,3.82999992371,3.84513759613
1652,3.82999992371,3.84803438187
1653,3.82999992371,3.98071908951
1654,3.82999992371,3.81319141388
1655,3.8599998951,3.70186853409
1656,3.86999988556,4.18713998795
1657,3.8900001049,4.23034334183
1658,3.90000009537,4.03428125381
1659,3.94000005722,3.78817796707
1660,4.0,4.01495552063
1661,3.98000001907,3.82021665573
1662,3.98000001907,3.98407649994
1663,3.94000005722,3.9056892395
1664,3.90000009537,4.2400598526
1665,3.96000003815,3.98388004303
1666,3.97000002861,3.8603887558
1667,3.90000009537,3.65107774734
1668,3.86999988556,4.27713775635
1669,3.88000011444,4.05561208725
1670,3.88000011444,4.23423337936
1671,3.8900001049,3.74973392487
1672,3.88000011444,3.77716350555
1673,3.88000011444,3.95963048935
1674,3.8900001049,4.2025103569
1675,3.91000008583,3.99439620972
1676,3.90000009537,3.89569568634
1677,3.8900001049,4.2421579361
1678,3.8900001049,4.12211418152
1679,3.8900001049,3.69512939453
1680,3.8900001049,4.17164230347
1681,3.92000007629,4.05513572693
1682,3.93000006676,3.66626358032
1683,3.96000003815,4.1103181839
1684,4.01000022888,3.80069541931
1685,4.07000017166,4.21206140518
1686,4.09000015259,3.85211324692
1687,4.07000017166,4.01954889297
1688,4.07000017166,3.78307151794
1689,4.07999992371,3.81391716003
1690,4.09000015259,4.00559091568
1691,4.05999994278,4.22332954407
1692,4.05000019073,3.81014919281
1693,4.05000019073,3.85999679565
1694,4.05999994278,3.93679618835
1695,4.11999988556,4.02500629425
1696,4.09000015259,3.63590812683
1697,4.03999996185,4.11644363403
