,train_data,train_result,train_result_smooth
29,4.46000003815,4.90660333633,4.92736231486
30,4.71999979019,4.83584833145,4.91956106822
31,5.25,5.19194173813,4.9274986585
32,4.73000001907,4.49051189423,4.91721653938
33,5.21999979019,4.9603061676,4.92392166456
34,5.01000022888,5.15622711182,4.9334206899
35,5.17000007629,5.16375589371,4.96502076785
36,5.15000009537,4.90682268143,4.96552011172
37,5.19999980927,4.96196699142,4.95633177757
38,5.15000009537,5.23521184921,4.94753066699
39,5.15999984741,4.79896450043,4.944602712
40,5.21999979019,5.2492480278,4.96110051473
41,4.98999977112,4.59065294266,4.95100914637
42,4.96999979019,4.94815063477,4.94635500908
43,5.05999994278,5.07231092453,4.95478431384
44,5.01000022888,5.34956693649,4.99135856628
45,4.92999982834,4.76356744766,4.99138615926
46,4.92999982834,5.06909704208,4.99692002932
47,4.96999979019,4.99689483643,5.01167756716
48,5.03000020981,5.00303268433,5.01521175702
49,5.01000022888,5.04455518723,5.00729956627
50,4.96999979019,4.88867330551,4.99534993172
51,4.90000009537,4.88551092148,4.97901848157
52,4.90000009537,5.09638881683,4.99120798111
53,4.88999986649,5.03546142578,5.01008561452
54,4.92000007629,4.8690533638,5.00909409523
55,4.90000009537,4.95001029968,4.99932325681
56,4.94000005722,4.96707868576,4.98866295815
57,4.80999994278,4.80184268951,4.97894492149
58,4.88000011444,4.70774126053,4.96323326429
59,4.88000011444,5.02187490463,4.9670756499
60,4.82999992371,4.85325098038,4.96765573819
61,4.82999992371,4.42772340775,4.94218179385
62,4.76000022888,4.48552513123,4.94201556842
63,4.84000015259,4.02463293076,4.91082646052
64,4.82999992371,4.45222616196,4.88735976219
65,4.84999990463,4.27984046936,4.85789591471
66,4.65999984741,4.46802806854,4.84326942762
67,4.78999996185,4.89722394943,4.84111132622
68,4.71000003815,5.08827829361,4.83621354103
69,4.61000013351,4.81394720078,4.83671296438
70,4.82999992371,5.02448034286,4.82922070821
71,4.71999979019,4.60857963562,4.82981826464
72,4.71999979019,4.66231393814,4.82029037476
73,4.67000007629,4.18261384964,4.79063380559
74,4.76000022888,5.00701522827,4.77921541532
75,4.73000001907,4.9204788208,4.78444579442
76,4.73000001907,4.12017440796,4.75281503995
77,4.63999986649,4.00271129608,4.71967558861
78,4.63999986649,4.65120363235,4.70794795354
79,4.61999988556,4.99858188629,4.70641551018
80,4.59999990463,4.94896364212,4.70842518806
81,4.55999994278,4.68064069748,4.7015961806
82,4.57000017166,4.51073884964,4.68207451502
83,4.46000003815,4.70820140839,4.67116584778
84,4.42999982834,4.72920846939,4.6665043513
85,4.40000009537,4.62226438522,4.65557948748
86,4.42999982834,4.74658918381,4.64822983742
87,4.53000020981,4.68768262863,4.64442450205
88,4.46000003815,4.11249351501,4.62458291054
89,4.46000003815,4.71423435211,4.61432822545
90,4.38000011444,4.68130350113,4.60859664281
91,4.34000015259,4.62541389465,4.61518632571
92,4.15999984741,4.72266530991,4.62309099833
93,4.11999988556,4.42553663254,4.63645445506
94,4.26999998093,4.67928218842,4.64402298927
95,4.11000013351,4.37353897095,4.64714627266
96,4.11000013351,4.15683794022,4.63677326838
97,4.15999984741,4.18849563599,4.61314899127
98,4.07999992371,4.21507692337,4.58404227893
99,4.09000015259,4.06958436966,4.55923018456
100,4.15999984741,4.20573329926,4.53193861643
101,4.01999998093,4.11607980728,4.51552195549
102,4.07000017166,4.1463303566,4.49832250277
103,4.03000020981,4.038230896,4.49350973765
104,4.03999996185,4.03955936432,4.46126120885
105,3.97000002861,4.00038480759,4.43059140841
106,3.98000001907,4.00541591644,4.42676612536
107,4.05000019073,3.92170381546,4.42406587601
108,4.0,4.13221502304,4.4067662557
109,4.03999996185,3.8797249794,4.36947102547
110,3.96000003815,3.93301677704,4.33560612996
111,4.03999996185,4.08221673965,4.3156586647
112,4.05000019073,3.96619367599,4.29750715892
113,4.01000022888,4.12789583206,4.2781636397
114,4.07000017166,3.97656440735,4.2530755043
115,4.03999996185,4.02349948883,4.23311667442
116,4.0,3.73665761948,4.19945228895
117,4.01999998093,3.72015810013,4.16720147133
118,3.97000002861,3.884578228,4.15960429509
119,3.92000007629,3.89341545105,4.13224366506
120,3.96000003815,3.74968910217,4.10118985176
121,3.88000011444,4.00132274628,4.08038681348
122,3.98000001907,4.03157901764,4.05735060374
123,3.94000005722,3.97624778748,4.0423743089
124,3.88000011444,3.75457572937,4.01155076027
125,3.83999991417,3.78592538834,3.99196364085
126,3.79999995232,4.00680351257,3.98696249326
127,3.69000005722,4.03352737427,3.98179688454
128,3.73000001907,3.96317243576,3.97340006828
129,3.68000006676,3.88772344589,3.96733803749
130,3.74000000954,3.86625623703,3.95602213542
131,3.75,3.88265228271,3.94824121793
132,3.80999994278,3.81402301788,3.93716430664
133,3.84999990463,3.49067783356,3.91891253789
134,3.79999995232,3.43614912033,3.89879886309
135,3.77999997139,3.65407419205,3.88725517591
136,3.77999997139,3.54951667786,3.87205853462
137,3.72000002861,3.49684047699,3.85789642334
138,3.76999998093,3.6603717804,3.84216831525
139,3.76999998093,3.55699396133,3.83141061465
140,3.75999999046,3.90286684036,3.83040561676
141,3.73000001907,3.40397882462,3.80779768626
142,3.70000004768,3.55884122849,3.79421927134
143,3.75999999046,3.7719078064,3.78235300382
144,3.56999993324,3.66524791718,3.77197578748
145,3.5,3.75838041306,3.76313848495
146,3.48000001907,3.64533519745,3.76009440422
147,3.51999998093,3.52285242081,3.75351754824
148,3.53999996185,3.62728404999,3.74494107564
149,3.52999997139,3.48633527756,3.73137173653
150,3.42000007629,3.54752492905,3.72463293076
151,3.5,3.68409395218,3.71405863762
152,3.76999998093,3.88389492035,3.70913583438
153,3.63000011444,3.52355766296,3.69404616356
154,3.58999991417,3.28660011292,3.67844697634
155,3.65000009537,3.78514289856,3.67842089335
156,3.57999992371,3.53089666367,3.66255733172
157,3.58999991417,3.26037788391,3.63678568204
158,3.52999997139,3.08126497269,3.60738876661
159,3.53999996185,3.1130604744,3.58156666756
160,3.3900001049,2.97276973724,3.55178378423
161,3.30999994278,3.18214225769,3.52843345006
162,3.32999992371,3.54529666901,3.5194759051
163,3.27999997139,3.55714130402,3.52169135412
164,3.23000001907,3.3952126503,3.52032680511
165,3.20000004768,3.60647392273,3.51874012947
166,3.27999997139,3.31384038925,3.51088425318
167,3.29999995232,3.36174297333,3.50638100306
168,3.33999991417,3.31393766403,3.49483319918
169,3.38000011444,3.02086019516,3.47696207364
170,3.3900001049,3.18106508255,3.45290201505
171,3.3599998951,3.26935386658,3.44841451645
172,3.44000005722,3.10686969757,3.43334879875
173,3.47000002861,3.47683095932,3.42351290385
174,3.55999994278,3.02496337891,3.40217008591
175,3.36999988556,3.28131198883,3.3862678051
176,3.3900001049,3.3184466362,3.37537151972
177,3.21000003815,3.17232275009,3.36368719737
178,3.29999995232,3.04263734818,3.34419897397
179,3.22000002861,3.06177806854,3.33004706701
180,3.15000009537,3.42086315155,3.32582500776
181,3.15000009537,3.20684146881,3.30991659164
182,3.18000006676,3.06669092178,3.28267645836
183,3.26999998093,3.08163356781,3.26794565519
184,3.23000001907,3.43334341049,3.27283709844
185,3.29999995232,3.24592399597,3.25486313502
186,3.28999996185,3.18392801285,3.24329751333
187,3.33999991417,3.24747753143,3.24286750158
188,3.30999994278,3.20175457001,3.24688382149
189,3.33999991417,3.2131152153,3.25021897952
190,3.29999995232,3.3306851387,3.2621494929
191,3.3900001049,3.25045824051,3.26442669233
192,3.30999994278,3.16566944122,3.2517724514
193,3.25999999046,3.11265897751,3.23695637385
194,3.31999993324,3.14256095886,3.2285346508
195,3.46000003815,3.14622211456,3.21319292386
196,3.44000005722,3.42925071716,3.21703993479
197,3.45000004768,3.00051450729,3.20499898593
198,3.5,3.49715423584,3.21110620499
199,3.55999994278,3.1556930542,3.21560063362
200,3.50999999046,3.00425100327,3.20970683098
201,3.53999996185,3.38296365738,3.21349382401
202,3.52999997139,3.53826904297,3.22787380219
203,3.44000005722,3.52889299393,3.22960920334
204,3.44000005722,3.374314785,3.24125425021
205,3.38000011444,2.95396089554,3.2303425471
206,3.3599998951,3.41141319275,3.23344143232
207,3.32999992371,3.05441617966,3.2295112133
208,3.28999996185,3.28170633316,3.23748017947
209,3.29999995232,3.30965995789,3.24574290911
210,3.30999994278,3.48998022079,3.24804681142
211,3.18000006676,3.24257659912,3.24923798243
212,3.23000001907,3.33449888229,3.25816491445
213,3.3900001049,3.08684873581,3.25833875338
214,3.36999988556,3.40185213089,3.25728904406
215,3.21000003815,3.29165363312,3.2588133653
216,3.26999998093,3.10895299911,3.25631419818
217,3.3599998951,3.10082864761,3.25142590205
218,3.40000009537,2.97159099579,3.24375378291
219,3.21000003815,3.50391530991,3.25344711939
220,3.19000005722,3.26661777496,3.2513115406
221,3.24000000954,3.3518075943,3.2546898524
222,3.23000001907,3.06376647949,3.25129308701
223,3.24000000954,3.25756216049,3.25612319311
224,3.18000006676,3.1776599884,3.25729316076
225,3.0,3.05374717712,3.25421066284
226,3.00999999046,3.09897375107,3.24320143064
227,3.0,3.18004179001,3.2491856734
228,3.01999998093,3.09379720688,3.2357404391
229,2.97000002861,3.0695271492,3.23286824226
230,2.95000004768,3.12143659592,3.23677442869
231,2.91000008583,3.04040622711,3.22535584768
232,2.86999988556,3.16884946823,3.21304186185
233,2.8900001049,3.00178194046,3.1954714934
234,2.78999996185,3.07054042816,3.18534568151
235,2.92000007629,2.91599369049,3.18408010801
236,2.80999994278,3.0623793602,3.17244564692
237,2.86999988556,3.16287660599,3.17606099447
238,2.94000005722,3.44425010681,3.18147912025
239,3.05999994278,3.52644872665,3.18870541255
240,2.98000001907,2.93202877045,3.17010703087
241,2.98000001907,3.24972438812,3.1703452905
242,3.00999999046,3.35157871246,3.17091461817
243,3.17000007629,3.42818021774,3.18229233424
244,3.01999998093,3.35358572006,3.18068345388
245,3.09999990463,3.3193769455,3.18160756429
246,3.13000011444,3.06147956848,3.1800251166
247,3.1400001049,3.44461631775,3.19148470561
248,3.16000008583,3.32817554474,3.20337085724
249,3.20000004768,2.92377471924,3.18403283755
250,3.19000005722,3.0593085289,3.17712252935
251,3.50999999046,3.29735898972,3.17530757586
252,3.45000004768,3.15500211716,3.17834876378
253,3.49000000954,3.3392791748,3.18107266426
254,3.48000001907,3.29481172562,3.18497772217
255,3.3599998951,3.1393404007,3.18783082962
256,3.3599998951,3.27938318253,3.19384447734
257,3.46000003815,3.13623428345,3.19238422712
258,3.43000006676,3.06004142761,3.19125903447
259,3.43000006676,3.17187261581,3.19467055003
260,3.3599998951,3.15564346313,3.19581077894
261,3.32999992371,3.13672447205,3.1990213871
262,3.31999993324,3.05312633514,3.19516394933
263,3.25,3.08692312241,3.19800198873
264,3.31999993324,3.24942064285,3.20396466255
265,3.25999999046,3.19762706757,3.21335244179
266,3.26999998093,3.13437414169,3.21575226784
267,3.27999997139,3.288875103,3.21995221774
268,3.32999992371,3.29922866821,3.21511816978
269,3.24000000954,3.27363586426,3.20669107437
270,3.29999995232,2.91381931305,3.20608409246
271,3.23000001907,3.2351193428,3.20559725761
272,3.21000003815,3.16268491745,3.19930079778
273,3.18000006676,3.36887454987,3.19732394218
274,3.15000009537,3.07400798798,3.18800468445
275,3.19000005722,3.17967987061,3.18334811529
276,3.13000011444,3.16930770874,3.18694238663
277,3.27999997139,3.0590801239,3.17409118017
278,3.15000009537,2.90025663376,3.15982721647
279,3.22000002861,3.22793006897,3.16996572812
280,3.25,3.1259303093,3.17218645414
281,3.16000008583,3.10053825378,3.16562576294
282,3.17000007629,3.39784574509,3.17372055054
283,3.22000002861,3.12592744827,3.16660882632
284,3.11999988556,3.27227497101,3.16585760117
285,3.06999993324,3.15509748459,3.1663828373
286,3.0,3.16860198975,3.16269013087
287,3.07999992371,3.18453598022,3.16430018743
288,3.05999994278,2.95194911957,3.16069711049
289,3.04999995232,3.17489433289,3.1607978344
290,3.06999993324,2.97731971741,3.15485370954
291,3.03999996185,3.37724256516,3.16287097931
292,3.01999998093,3.14644193649,3.16598149935
293,3.02999997139,3.3096075058,3.17340431213
294,3.00999999046,3.04698896408,3.16665658951
295,3.0,2.91940355301,3.15738247236
296,2.99000000954,3.27491807938,3.16206727028
297,3.03999996185,3.16908502579,3.15807426771
298,3.07999992371,2.99063014984,3.14778765043
299,2.97000002861,3.01416063309,3.13913847605
300,2.96000003815,3.09711742401,3.14524841309
301,2.95000004768,2.96435785294,3.13622303009
302,2.98000001907,3.03590726852,3.13199710846
303,2.98000001907,2.94913291931,3.11800572077
304,2.98000001907,2.98794651031,3.11513700485
305,3.00999999046,3.36943483353,3.12146217028
306,2.94000005722,3.08229875565,3.11856187185
307,2.97000002861,3.04063653946,3.1179470857
308,2.86999988556,3.06172132492,3.12332924207
309,2.86999988556,3.11907291412,3.11970067024
310,2.84999990463,3.00960254669,3.11582307816
311,2.86999988556,3.31150150299,3.12285518646
312,2.91000008583,2.97233390808,3.10867145856
313,2.88000011444,3.01552152634,3.10499126116
314,2.94000005722,2.88931322098,3.0922258695
315,2.91000008583,2.99157762527,3.08677520752
316,3.0,3.08791542053,3.08408565521
317,2.92000007629,2.91693115234,3.07516549428
318,2.99000000954,3.07374334335,3.07922530174
319,2.95000004768,3.20458507538,3.08021499316
320,2.92000007629,3.0620303154,3.08303867976
321,2.93000006676,2.89431905746,3.0669412295
322,2.90000009537,3.03759288788,3.06331292788
323,2.90000009537,3.35105133057,3.06469438871
324,2.86999988556,3.00672578812,3.06335228284
325,2.93000006676,3.11386585236,3.06983435949
326,2.90000009537,3.07597303391,3.06320285797
327,2.88000011444,3.08708906174,3.06046965917
328,2.88000011444,2.82247638702,3.05486453374
329,2.8900001049,3.28828573227,3.06400203705
330,2.90000009537,3.05830383301,3.06270825068
331,2.90000009537,3.06114959717,3.06593464216
332,2.91000008583,3.07951927185,3.0673883756
333,2.91000008583,3.17503356934,3.07491839727
334,2.92000007629,3.28268575668,3.08474303881
335,2.93000006676,3.06180906296,3.07448884646
336,2.92000007629,3.00699234009,3.07197863261
337,2.93000006676,3.14540290833,3.0754708449
338,2.91000008583,3.13206100464,3.0778155009
339,2.90000009537,3.42487716675,3.08800897598
340,2.92000007629,3.31780767441,3.09828248024
341,2.92000007629,3.61437320709,3.10837820371
342,2.94000005722,3.01615953445,3.10983905792
343,2.94000005722,3.28241920471,3.1187356472
344,2.94000005722,3.33133125305,3.1334695816
345,2.92000007629,3.30919075012,3.14405668577
346,2.92000007629,3.31968164444,3.15178222656
347,2.91000008583,3.50573015213,3.17140885989
348,2.94000005722,3.54667377472,3.1871732076
349,2.93000006676,3.26194667816,3.18908526103
350,2.93000006676,3.37665939331,3.19957289696
351,2.97000002861,3.02940130234,3.20407563845
352,2.98000001907,3.40352725983,3.21627345085
353,2.94000005722,3.40379810333,3.21803167661
354,2.95000004768,3.24759244919,3.22606056531
355,2.94000005722,3.19841527939,3.22887887955
356,3.00999999046,3.29341268539,3.23612686793
357,3.00999999046,3.54017019272,3.2512295723
358,3.0,3.2475643158,3.26539916992
359,3.04999995232,3.15823554993,3.26106416384
360,3.04999995232,3.43392133713,3.27358474731
361,3.05999994278,3.19549465179,3.2780629158
362,3.04999995232,3.13303089142,3.27984663645
363,3.00999999046,3.15159654617,3.27906540235
364,3.00999999046,3.21179628372,3.27670241992
365,3.0,3.12841415405,3.27892258962
366,3.0,3.35311794281,3.29046010971
367,3.01999998093,3.1501083374,3.29061695735
368,3.0,3.01581907272,3.28674222628
369,3.0,3.43602609634,3.28711385727
370,3.0,2.96761846542,3.27544088364
371,3.01999998093,3.00905323029,3.25526355108
372,3.02999997139,3.23926925659,3.26270054181
373,3.01999998093,3.3764128685,3.26583366394
374,3.0,3.42171001434,3.26884628932
375,3.0,3.4899096489,3.27487025261
376,2.99000000954,3.25432538986,3.27269171079
377,3.0,3.27748823166,3.26508364677
378,3.01999998093,3.25294494629,3.25529268583
379,3.0,3.27479314804,3.25572090149
380,3.0,3.10944032669,3.24681359927
381,3.0,3.24265480042,3.2539220492
382,3.02999997139,3.38125324249,3.25317958196
383,3.01999998093,3.29701042175,3.24961999257
384,3.01999998093,3.18927764893,3.2476761659
385,3.02999997139,3.16400432587,3.24652913411
386,3.04999995232,3.20893478394,3.24371320407
387,3.02999997139,3.26580619812,3.23456773758
388,3.01999998093,3.01719665527,3.22688881556
389,3.04999995232,3.10466003418,3.22510296504
390,3.04999995232,3.23380708694,3.21843249003
391,3.02999997139,3.37201499939,3.22431650162
392,3.04999995232,3.20285081863,3.22664383252
393,3.07999992371,3.2190155983,3.22889113426
394,3.08999991417,3.04834270477,3.22344268163
395,3.09999990463,3.15200519562,3.22422904968
396,3.09999990463,3.18875980377,3.21875044505
397,3.11999988556,3.33244085312,3.22482819557
398,3.09999990463,3.3924536705,3.23738268216
399,3.15000009537,3.08618831635,3.22572142283
400,3.11999988556,3.13150548935,3.23118432363
401,3.13000011444,3.16383647919,3.23634376526
402,3.15000009537,3.18627405167,3.23457725843
403,3.15000009537,3.26000881195,3.23069712321
404,3.15000009537,3.38478517532,3.22946629524
405,3.15000009537,3.24726724625,3.22137821515
406,3.17000007629,3.15796279907,3.21816612879
407,3.16000008583,3.0362906456,3.21012620926
408,3.15000009537,2.99622011185,3.20156871478
409,3.18000006676,3.17044019699,3.19809028308
410,3.17000007629,4.53457355499,3.24559472402
411,3.18000006676,3.24037837982,3.24551884333
412,3.17000007629,3.3385643959,3.24409588178
413,3.17000007629,3.19114780426,3.24056712786
414,3.20000004768,3.01005172729,3.23459293048
415,3.23000001907,3.17399930954,3.2349260966
416,3.24000000954,3.22804307938,3.23556303978
417,3.20000004768,3.19764709473,3.23329106967
418,3.20000004768,3.28696537018,3.24228336016
419,3.19000005722,3.18385219574,3.24492309888
420,3.20000004768,3.29134321213,3.24684096972
421,3.20000004768,3.33124732971,3.2454820474
422,3.25,3.3143362999,3.24919823011
423,3.24000000954,3.07534313202,3.2444091479
424,3.25,3.27116966248,3.25183671316
425,3.27999997139,3.36604070663,3.25897123019
426,3.25,3.21300935745,3.25977954865
427,3.25999999046,3.29185295105,3.25842661858
428,3.25,3.19316625595,3.25178370476
429,3.25,3.0230255127,3.24967827797
430,3.24000000954,3.38340520859,3.25807493528
431,3.25,3.2472743988,3.26085619926
432,3.25,3.04935836792,3.25629234314
433,3.25,3.29461860657,3.25744600296
434,3.25999999046,3.17966222763,3.25060857137
435,3.25999999046,3.21231460571,3.24944348335
436,3.25999999046,3.33354568481,3.25529624621
437,3.25,3.17828083038,3.26002925237
438,3.25,3.04329872131,3.26159853935
439,3.24000000954,3.09640598297,3.25913073222
440,3.24000000954,3.32655286789,3.21886337598
441,3.20000004768,3.2322177887,3.21859135628
442,3.25999999046,3.36701822281,3.21953981717
443,3.25,3.05898141861,3.21513427099
444,3.25,2.93465900421,3.21262118022
445,3.25,3.17347478867,3.21260369619
446,3.24000000954,3.15398931503,3.21013523738
447,3.25999999046,3.07877445221,3.20617281596
448,3.25,3.3131480217,3.20704557101
449,3.24000000954,3.20203399658,3.20765163104
450,3.24000000954,3.14592695236,3.20280442238
451,3.23000001907,3.03153467178,3.19281400045
452,3.23000001907,3.22416305542,3.18980822563
453,3.23000001907,3.35375213623,3.19908852577
454,3.21000003815,3.26753664017,3.19896742503
455,3.20000004768,3.45830583572,3.20204292933
456,3.20000004768,3.10082578659,3.19830347697
457,3.20000004768,3.19091844559,3.19493899345
458,3.18000006676,3.30863285065,3.19878787994
459,3.18000006676,3.22981882095,3.20568099022
460,3.17000007629,3.09621858597,3.1961081028
461,3.17000007629,3.0881896019,3.19080527623
462,3.16000008583,3.22847795486,3.19677592913
463,3.15000009537,2.97209692001,3.18602520625
464,3.13000011444,3.26852607727,3.18898733457
465,3.1099998951,3.14730739594,3.18682042758
466,3.04999995232,3.25420951843,3.1841758887
467,3.0,3.17925691605,3.18420842489
468,3.0,3.03972196579,3.1840891997
469,3.0,2.93702793121,3.17877659798
470,3.0,3.07890558243,3.17052168846
471,3.0,2.99747753143,3.16269701322
472,3.0,2.95752334595,3.14904718399
473,3.0,2.88669300079,3.14330423673
474,3.0,2.96461963654,3.14430292447
475,2.99000000954,3.01680183411,3.13908049266
476,2.97000002861,3.06271219254,3.13603792191
477,2.96000003815,3.02557277679,3.13426453273
478,2.95000004768,3.11094808578,3.12752453486
479,2.96000003815,3.41000795364,3.1344570001
480,2.95000004768,3.11226844788,3.13333504995
481,2.95000004768,3.01242399216,3.13269802729
482,2.95000004768,3.18851137161,3.13150963783
483,2.95000004768,3.11412286758,3.12352199554
484,2.95000004768,3.08537435532,3.11744991938
485,2.94000005722,2.96664142609,3.10106110573
486,2.95000004768,2.97069787979,3.09672350883
487,2.94000005722,3.10706233978,3.09392830531
488,2.94000005722,3.10953235626,3.08729162216
489,2.94000005722,2.98009204865,3.07896739642
490,2.95000004768,3.04089260101,3.07712319692
491,2.95000004768,3.13724565506,3.07875839869
492,2.96000003815,2.94258451462,3.06922861735
493,2.96000003815,3.09219455719,3.07323187192
494,2.98000001907,3.47593736649,3.08014558156
495,2.99000000954,3.27336788177,3.08434759776
496,2.98000001907,3.1532664299,3.08098282814
497,2.97000002861,3.16167163849,3.08039665222
498,2.96000003815,3.06362199783,3.08119331996
499,2.95000004768,3.17039299011,3.08897215525
500,2.97000002861,3.14062786102,3.09102956454
501,2.97000002861,2.96163702011,3.08983488083
502,2.97000002861,2.98631477356,3.09079459508
503,2.96000003815,3.12807273865,3.09884058634
504,2.98000001907,3.28041028976,3.10936694145
505,2.98000001907,3.13151454926,3.11319069862
506,3.04999995232,3.03031253815,3.11211071014
507,3.05999994278,2.83844947815,3.10587326686
508,3.06999993324,2.72017383575,3.09284745852
509,3.01999998093,3.06361532211,3.08130103747
510,2.99000000954,3.16712141037,3.08312946955
511,2.98000001907,3.0208439827,3.0834101359
512,2.98000001907,3.05087566376,3.07882227898
513,2.99000000954,2.88635730743,3.07123009364
514,2.99000000954,3.01684808731,3.0689458847
515,2.99000000954,3.12941503525,3.07437167168
516,2.99000000954,3.0807800293,3.07804107666
517,2.99000000954,3.04754114151,3.07605703672
518,3.03999996185,2.93961954117,3.07039327621
519,3.04999995232,3.13948583603,3.07570640246
520,3.03999996185,2.95075082779,3.07270167669
521,3.04999995232,3.0832452774,3.0709016641
522,3.02999997139,3.09553146362,3.07599989573
523,3.03999996185,2.96709251404,3.07182982763
524,3.02999997139,3.07329130173,3.05840829213
525,3.01999998093,2.8953576088,3.0458079497
526,3.02999997139,2.92958593369,3.03835193316
527,3.01999998093,2.75699853897,3.02486282984
528,3.03999996185,2.89009046555,3.01907844543
529,3.03999996185,2.98756837845,3.01298429171
530,3.03999996185,2.83085823059,3.00265863736
531,3.03999996185,2.99188661575,3.00366695722
532,3.02999997139,2.72004127502,2.99479117393
533,3.01999998093,2.97550725937,2.98970565796
534,3.01999998093,2.95681524277,2.97891915639
535,3.02999997139,2.87793493271,2.97046650251
536,3.01999998093,3.15882205963,2.97475015322
537,3.01999998093,2.97539615631,2.9793150425
538,3.03999996185,3.02910709381,2.98961281776
539,3.01999998093,2.82171058655,2.98154932658
540,3.00999999046,3.06486845016,2.97814089457
541,3.0,3.01052045822,2.97779677709
542,3.01999998093,2.90922164917,2.9730749766
543,3.01999998093,2.9402961731,2.97487293879
544,3.01999998093,2.83159732819,2.96869791349
545,3.01999998093,3.46802949905,2.97998506228
546,3.02999997139,3.04182624817,2.97868660291
547,3.02999997139,3.16077041626,2.98246091207
548,3.02999997139,3.04109430313,2.98584340413
549,3.03999996185,3.0522108078,2.98293423653
550,3.02999997139,3.08567380905,2.98743166924
551,3.02999997139,3.13145208359,2.98903856277
552,3.03999996185,2.97733736038,2.98509875933
553,3.03999996185,3.0087146759,2.98648616473
554,3.05999994278,3.22860765457,2.99166337649
555,3.06999993324,3.35400915146,3.00695176125
556,3.06999993324,3.44398832321,3.02409850756
557,3.05999994278,3.37691926956,3.04476253192
558,3.07999992371,3.01095724106,3.04879142443
559,3.06999993324,3.2221159935,3.05660967827
560,3.06999993324,3.11376428604,3.06603988012
561,3.07999992371,3.19318771362,3.07274991671
562,3.11999988556,3.07239770889,3.08449513117
563,3.1400001049,3.31477212906,3.09580396016
564,3.1400001049,3.36290025711,3.10934012731
565,3.1400001049,3.48537921906,3.12958827019
566,3.1400001049,3.03837919235,3.12557350794
567,3.1400001049,3.24637699127,3.13460620244
568,3.1099998951,3.46110916138,3.14900627136
569,3.1099998951,3.32295894623,3.16571455002
570,3.11999988556,3.34930372238,3.17519572576
571,3.15000009537,3.32669973373,3.18573503494
572,3.15000009537,3.05130672455,3.19047120412
573,3.16000008583,3.46822786331,3.20806892713
574,3.17000007629,3.5286359787,3.23130354881
575,3.17000007629,3.43610143661,3.23023928006
576,3.18000006676,3.42673492432,3.24306956927
577,3.19000005722,3.51838254929,3.2549899737
578,3.22000002861,3.4893283844,3.26993110975
579,3.22000002861,3.40799474716,3.28179057439
580,3.23000001907,2.96638345718,3.27781422933
581,3.21000003815,3.50202846527,3.29016677539
582,3.23000001907,3.40457868576,3.3044081529
583,3.28999996185,3.32697677612,3.31501688957
584,3.29999995232,3.3709154129,3.31976048152
585,3.33999991417,3.34779453278,3.31955332756
586,3.3599998951,3.37094640732,3.31711859703
587,3.40000009537,3.09074687958,3.30757951736
588,3.40000009537,3.0320763588,3.30828348796
589,3.42000007629,3.24750518799,3.30912979444
590,3.42000007629,3.28545808792,3.31485292117
591,3.42000007629,3.27796697617,3.31767889659
592,3.42000007629,3.48223114014,3.33134001096
593,3.44000005722,3.60891723633,3.34114484787
594,3.43000006676,3.70385503769,3.35251000722
595,3.43000006676,3.4880566597,3.35259925524
596,3.43000006676,3.281727314,3.3607108593
597,3.44000005722,3.32766056061,3.36342031161
598,3.44000005722,3.36875486374,3.36034183502
599,3.46000003815,3.59311389923,3.36934700012
600,3.49000000954,3.1700797081,3.36337286631
601,3.48000001907,3.20399665833,3.3592827638
602,3.49000000954,3.40699911118,3.37113917669
603,3.49000000954,3.44658708572,3.37041781743
604,3.51999998093,3.19587039948,3.35932563146
605,3.52999997139,3.62466573715,3.36561110814
606,3.53999996185,3.6438035965,3.37284673055
607,3.55999994278,3.43961381912,3.37022110621
608,3.56999993324,3.75372600555,3.37903436025
609,3.57999992371,3.91286611557,3.39586340586
610,3.58999991417,3.58361911774,3.41643792788
611,3.6099998951,3.67858791351,3.42232324282
612,3.63000011444,3.53625917435,3.42671259244
613,3.58999991417,3.70944499969,3.43946153323
614,3.58999991417,3.5445766449,3.44525024096
615,3.58999991417,3.64796257019,3.45525584221
616,3.57999992371,3.78491973877,3.46905495326
617,3.58999991417,3.64483594894,3.4875245889
618,3.58999991417,3.37665319443,3.49901048342
619,3.58999991417,3.67857456207,3.51337946256
620,3.63000011444,3.61522436142,3.52437167168
621,3.68000006676,3.72971057892,3.53942979177
622,3.70000004768,3.62717914581,3.54426139196
623,3.79999995232,3.53186798096,3.54169308345
624,3.82999992371,3.69738006592,3.54147725105
625,3.82999992371,3.52025556564,3.54255054792
626,3.82999992371,3.51508283615,3.55032906532
627,3.97000002861,3.6566491127,3.56129535039
628,4.05000019073,3.59175109863,3.56872855822
629,4.05999994278,3.68676185608,3.57185015678
630,4.03000020981,3.7763004303,3.59205751419
631,4.05000019073,3.71479034424,3.60908397039
632,4.07000017166,3.85574817657,3.62404227257
633,4.07999992371,3.73305225372,3.6335911115
634,4.07000017166,3.94830942154,3.65867241224
635,4.05999994278,4.07696151733,3.67374893824
636,4.07999992371,3.69427442551,3.67543129921
637,4.13999986649,4.00868797302,3.69440043767
638,4.13000011444,3.86085176468,3.69797129631
639,4.13999986649,3.77291107178,3.69330612818
640,4.13999986649,4.08453989029,3.71000348727
641,4.15999984741,4.08816671371,3.72365611394
642,4.13999986649,3.98033046722,3.73845849037
643,4.21999979019,4.19873046875,3.75476800601
644,4.23000001907,4.08498382568,3.7727815787
645,4.26999998093,4.39179039001,3.79757583936
646,4.34999990463,4.50461292267,3.82156561216
647,4.34999990463,4.22295713425,3.84083631833
648,4.40000009537,4.25020313263,3.86995464961
649,4.44000005722,4.1947259903,3.88715969721
650,4.46999979019,4.09500980377,3.90315254529
651,4.44000005722,4.18439054489,3.91830854416
652,4.42000007629,4.57630109787,3.94994594256
653,4.40000009537,4.31194734573,3.97594858805
654,4.40000009537,3.73601484299,3.97723641396
655,4.44999980927,3.77670907974,3.98578486443
656,4.44999980927,4.19554662704,4.00846699079
657,4.44999980927,4.33274316788,4.03100345929
658,4.46999979019,4.19772768021,4.05120267868
659,4.46999979019,4.38276100159,4.0744026502
660,4.48000001907,4.43737268448,4.096438392
661,4.42999982834,4.28548622131,4.11546158791
662,4.42000007629,4.31539535522,4.13078316053
663,4.48999977112,4.2531709671,4.14812045097
664,4.48000001907,4.66990089417,4.17217350006
665,4.48000001907,4.51716470718,4.18684693972
666,4.46000003815,3.63357591629,4.18482365608
667,4.44999980927,4.40263319016,4.19795516332
668,4.44999980927,4.31913328171,4.21323121389
669,4.44999980927,4.21851301193,4.22808461189
670,4.46000003815,4.4920592308,4.24166858991
671,4.46000003815,4.48355817795,4.25484830538
672,4.48000001907,4.54523324966,4.27367839813
673,4.46999979019,4.59329557419,4.28683056831
674,4.32999992371,4.41054391861,4.29768257141
675,4.30999994278,4.28447532654,4.29410540263
676,4.34000015259,3.89931678772,4.2739288648
677,4.28000020981,4.60273933411,4.28658827146
678,4.34000015259,4.48240995407,4.29432849884
679,4.28999996185,3.99725389481,4.28774609566
680,4.26000022888,4.44471168518,4.29940282504
681,4.28999996185,4.03678321838,4.29448258082
682,4.38999986649,4.32723045349,4.28618022601
683,4.38000011444,3.93995571136,4.27378050486
684,4.32000017166,3.8723859787,4.27832620939
685,4.32000017166,4.38744783401,4.29868416786
686,4.34000015259,4.19389247894,4.29862902959
687,4.36000013351,4.48323631287,4.30364546776
688,4.36000013351,4.27979373932,4.30638100306
689,4.34999990463,4.27472925186,4.30277994474
690,4.34999990463,4.35800075531,4.30013421377
691,4.30000019073,4.38529491425,4.3034611702
692,4.26000022888,4.28237438202,4.30236047109
693,4.23999977112,3.92996358871,4.29158689181
694,4.23000001907,3.85651159286,4.2644739151
695,4.21000003815,3.96930074692,4.24621178309
696,4.21999979019,4.25624465942,4.26696740786
697,4.13999986649,4.44872760773,4.26850388845
698,4.19999980927,4.13333177567,4.26231050491
699,4.28000020981,4.46869802475,4.27065000534
700,4.26999998093,4.25415229797,4.26271977425
701,4.26999998093,3.83136415482,4.24097997348
702,4.23999977112,4.23989105225,4.23080190023
703,4.23000001907,4.48112821579,4.22706298828
704,4.23999977112,4.34621095657,4.22491855621
705,4.26999998093,3.94140148163,4.21348276138
706,4.28999996185,4.58360671997,4.23629242579
707,4.28999996185,4.26172780991,4.22492537498
708,4.36000013351,4.13981723785,4.21350561778
709,4.38000011444,4.2891664505,4.2232360363
710,4.38999986649,4.6346206665,4.22956633568
711,4.48999977112,4.50997257233,4.24533931414
712,4.53999996185,4.40555763245,4.24795022011
713,4.53999996185,4.2782664299,4.25922724406
714,4.55000019073,4.29133415222,4.27319218318
715,4.55000019073,4.63047599792,4.28129312197
716,4.5,4.33942651749,4.28614425659
717,4.48999977112,4.55536460876,4.28854853312
718,4.48999977112,4.78794384003,4.30548686981
719,4.44999980927,4.5500626564,4.31466464996
720,4.42000007629,4.42000484467,4.31673145294
721,4.38999986649,4.40074157715,4.31724634171
722,4.40000009537,4.63525724411,4.32900910378
723,4.38999986649,4.30010509491,4.34134715398
724,4.36999988556,4.5558757782,4.36465929349
725,4.36999988556,4.02138090134,4.36639529864
726,4.36999988556,3.86293935776,4.35328512192
727,4.36999988556,4.31348514557,4.34877703985
728,4.36999988556,4.52076244354,4.36169139544
729,4.36999988556,4.46819162369,4.36167451541
730,4.36999988556,4.32970380783,4.36419289907
731,4.44999980927,4.50191068649,4.38654445012
732,4.46000003815,4.55464506149,4.39703625043
733,4.46999979019,4.37371921539,4.39345595042
734,4.48000001907,4.02221107483,4.38265595436
735,4.48999977112,4.25047969818,4.39295856158
736,4.48999977112,4.56910562515,4.39247519175
737,4.48999977112,4.34058523178,4.39510377248
738,4.48999977112,4.20191478729,4.3971736908
739,4.48000001907,4.34030056,4.39887816111
740,4.48000001907,4.53747797012,4.39564007123
741,4.48999977112,3.77776670456,4.37123320897
742,4.5,4.01059436798,4.35806776683
743,4.5,4.30578947067,4.35898520152
744,4.53000020981,4.33954620361,4.3605922699
745,4.51999998093,3.60682487488,4.3264705658
746,4.53999996185,4.42320013046,4.32926301956
747,4.53999996185,4.27257680893,4.31983675957
748,4.57000017166,4.35857868195,4.30552458763
749,4.59000015259,4.19879245758,4.293815581
750,4.59000015259,3.96694374084,4.27871354421
751,4.59000015259,4.44088411331,4.28005162875
752,4.59999990463,4.1808924675,4.26490613619
753,4.59999990463,4.26476478577,4.26372812589
754,4.57999992371,4.14374446869,4.24999041557
755,4.55999994278,4.22639894485,4.25682435036
756,4.55000019073,4.49285793304,4.2778216362
757,4.55000019073,4.30929994583,4.27768212954
758,4.53999996185,4.41785621643,4.27425192197
759,4.53999996185,4.12959527969,4.26296537717
760,4.51999998093,4.60679674149,4.27220180829
761,4.51000022888,3.91859769821,4.25275804202
762,4.51000022888,4.07975769043,4.23692846298
763,4.51000022888,3.85064792633,4.21949275335
764,4.51000022888,4.15570688248,4.2239426136
765,4.51000022888,4.73870992661,4.24021695455
766,4.51000022888,4.54589986801,4.23944342931
767,4.5,4.6665353775,4.25030843417
768,4.5,4.50225973129,4.2603199323
769,4.5,4.53118085861,4.26668260892
770,4.51000022888,4.12154483795,4.25281817118
771,4.51000022888,4.51675128937,4.27745099068
772,4.51000022888,4.19520664215,4.28360473315
773,4.42999982834,4.25630235672,4.28195516268
774,4.42999982834,4.58647251129,4.29018603961
775,4.42999982834,4.58763551712,4.32287972768
776,4.42999982834,3.95797109604,4.3073720932
777,4.42999982834,4.09489011765,4.30144920349
778,4.44999980927,4.43339681625,4.3039431413
779,4.44999980927,4.27842998505,4.30659772555
780,4.44999980927,4.77177286148,4.3334253629
781,4.44999980927,4.30093717575,4.32876046499
782,4.40000009537,4.45386791229,4.33785964648
783,4.44000005722,4.01561260223,4.32955457369
784,4.42999982834,4.06898641586,4.3270626386
785,4.44000005722,4.91470527649,4.35000618299
786,4.42999982834,4.63220739365,4.35465116501
787,4.40000009537,4.59049463272,4.36402432124
788,4.38999986649,4.27597522736,4.35929495494
789,4.40000009537,4.40634822845,4.36852005323
790,4.40000009537,3.95165109634,4.34668186506
791,4.40999984741,3.9582400322,4.34800327619
792,4.38999986649,4.20101118088,4.3520450592
793,4.40000009537,4.24990177155,4.36535352071
794,4.40000009537,4.62267160416,4.38091901143
795,4.40000009537,4.38233661652,4.3690399011
796,4.40000009537,4.80441236496,4.37765698433
797,4.40000009537,4.91759777069,4.38602573077
798,4.38000011444,4.44135284424,4.3839955012
799,4.36999988556,4.57125854492,4.38533142408
800,4.28999996185,4.59994506836,4.40127809842
801,4.23999977112,4.4778547287,4.3999815464
802,4.23999977112,4.34850263596,4.40509141286
803,4.21999979019,4.48098373413,4.41258079211
804,4.25,4.53602361679,4.41089916229
805,4.25,4.5200252533,4.40864548683
806,4.19000005722,4.55350017548,4.42849645615
807,4.13000011444,3.93579530716,4.4231932958
808,4.13000011444,3.90861988068,4.40570073128
809,4.13000011444,3.95429325104,4.39489617348
810,4.13000011444,4.57086610794,4.38819928169
811,4.15000009537,3.76723861694,4.37040932973
812,4.15000009537,3.18365240097,4.32806881269
813,4.15999984741,4.38001966476,4.34021571477
814,4.15999984741,4.2810959816,4.34728603363
815,4.17999982834,3.91349315643,4.3139122963
816,4.19000005722,4.00708675385,4.29307494164
817,4.21999979019,4.1195936203,4.27737824122
818,4.17000007629,4.20618438721,4.27505187988
819,4.17999982834,4.15027093887,4.26651597023
820,4.15999984741,3.94541549683,4.26630811691
821,4.13999986649,3.92954063416,4.26535147031
822,4.13999986649,4.08767652512,4.26157364845
823,4.13999986649,3.27825737,4.22918550173
824,4.13000011444,4.24746894836,4.21667874654
825,4.13000011444,4.0982708931,4.20720988909
826,4.13000011444,4.34869146347,4.19201919238
827,4.15000009537,3.98515939713,4.16093791326
828,4.15999984741,4.09969711304,4.14954938889
829,4.17999982834,4.08614730835,4.13337901433
830,4.17999982834,4.15567064285,4.11856986682
831,4.17999982834,4.16353082657,4.10809240341
832,4.19999980927,4.06864023209,4.09876365662
833,4.19999980927,3.87189817429,4.07846080462
834,4.17000007629,4.09853792191,4.06387794813
835,4.15000009537,3.78212308884,4.03928120931
836,4.11999988556,3.79887914658,4.01412717501
837,4.11999988556,4.32053184509,4.02695172628
838,4.07999992371,4.06416368484,4.03213651975
839,4.07999992371,4.43456220627,4.04814548492
840,4.07999992371,4.29029512405,4.03879311879
841,4.07999992371,3.87191677094,4.04228239059
842,4.05000019073,4.16864442825,4.07511545817
843,4.03999996185,4.28277778625,4.07187406222
844,4.0,4.49833393097,4.0791153272
845,4.01000022888,4.14066457748,4.0866877079
846,4.05000019073,4.108253479,4.09005993207
847,4.05999994278,4.29827880859,4.09601610502
848,4.05000019073,4.21554899216,4.09632825851
849,4.03999996185,4.29551410675,4.10116969744
850,4.03999996185,3.7946844101,4.09614532789
851,4.05000019073,3.99770355225,4.09841742516
852,4.05000019073,4.01806545258,4.09609705607
853,4.05000019073,4.3192820549,4.1307978789
854,4.03999996185,3.94570207596,4.12073898315
855,4.05000019073,4.16781187057,4.12305701574
856,4.03999996185,3.57690954208,4.09733095169
857,4.01999998093,4.06301784515,4.09992623329
858,4.01999998093,4.27777242661,4.10586207708
859,4.01999998093,4.10647296906,4.1065395991
860,4.01000022888,3.80072307587,4.09470801353
861,4.01000022888,4.37501192093,4.10175738335
862,4.01000022888,4.17934846878,4.1054476579
863,4.01999998093,4.46540212631,4.12523112297
864,4.05999994278,4.34822702408,4.13355409304
865,4.07000017166,3.74249315262,4.13223309517
866,4.07000017166,4.14543676376,4.14378501574
867,4.07000017166,4.47605895996,4.1489692529
868,4.07000017166,4.31147766113,4.15721305211
869,4.07000017166,4.41399288177,4.15652740796
870,4.07000017166,4.03128194809,4.14789363543
871,4.05999994278,4.18817090988,4.15843544006
872,4.05999994278,3.78287935257,4.14557660421
873,4.13999986649,3.85935306549,4.13146244685
874,4.13000011444,3.93436050415,4.11266333262
875,4.11999988556,4.08655309677,4.1108596166
876,4.15000009537,4.26973772049,4.11624242465
877,4.15000009537,4.00102090836,4.10633382797
878,4.17000007629,3.98446083069,4.09863088926
879,4.17000007629,4.36078119278,4.10080645879
880,4.15000009537,4.34627914429,4.11919294993
881,4.17000007629,4.23180532455,4.12699634234
882,4.17000007629,4.40085792542,4.13975609144
883,4.17000007629,4.21003341675,4.13611447016
884,4.15999984741,3.90935468674,4.13490289052
885,4.15999984741,3.91433095932,4.12645352681
886,4.15999984741,4.24841451645,4.14883702596
887,4.15999984741,4.30335426331,4.1568482399
888,4.17000007629,4.04815292358,4.14919425646
889,4.15999984741,4.41846609116,4.1595940272
890,4.15999984741,3.83233880997,4.160647885
891,4.15999984741,4.23397731781,4.15594673157
892,4.15999984741,4.19696950912,4.15653409958
893,4.15999984741,4.01510095596,4.14152406057
894,4.15999984741,4.16141891479,4.13529712359
895,4.15999984741,4.29811096191,4.15381771723
896,4.21000003815,4.02085971832,4.14966514905
897,4.32000017166,3.98344373703,4.13324464162
898,4.30000019073,4.05692911148,4.12475968997
899,4.30999994278,4.25082969666,4.11932091713
900,4.32000017166,4.56498861313,4.1371111393
901,4.34000015259,4.47202205658,4.14657284419
902,4.34000015259,4.56739234924,4.17272327741
903,4.34000015259,4.70018434525,4.20075098674
904,4.42000007629,4.5647482872,4.22176391284
905,4.46999979019,4.63312101364,4.2399828434
906,4.46000003815,4.65953063965,4.2529759407
907,4.46000003815,4.62870264053,4.27389866511
908,4.51999998093,4.62710428238,4.2953201135
909,4.55999994278,4.55966234207,4.30194948514
910,4.53000020981,4.3543381691,4.3022181193
911,4.53000020981,4.36127471924,4.30653376579
912,4.53999996185,4.45998191833,4.30850456556
913,4.53000020981,4.18863773346,4.30779137611
914,4.53000020981,4.27859687805,4.32009944916
915,4.55000019073,4.56216573715,4.34169394175
916,4.53000020981,4.15317726135,4.33851936658
917,4.51000022888,4.25013589859,4.33674542109
918,4.46999979019,4.49142503738,4.35152115822
919,4.46000003815,4.29461956024,4.34739294052
920,4.42999982834,4.54721260071,4.37122206688
921,4.42999982834,4.416410923,4.37730318705
922,4.42999982834,4.44356250763,4.38552295367
923,4.42999982834,4.80524396896,4.4118610541
924,4.42000007629,4.55931472778,4.42512424787
925,4.42000007629,4.43221759796,4.42959446907
926,4.40999984741,4.03136825562,4.42994475365
927,4.40999984741,4.43437671661,4.44497585297
928,4.40999984741,4.5935587883,4.46286350886
929,4.42999982834,4.61562919617,4.47502349218
930,4.44000005722,4.58208656311,4.47559342384
931,4.44000005722,4.38608884811,4.47272898356
932,4.44000005722,4.54443216324,4.47196364403
933,4.44000005722,4.50609397888,4.46549396515
934,4.46000003815,4.27903938293,4.45597033501
935,4.46000003815,3.83983850479,4.42952758471
936,4.46000003815,3.98568058014,4.40706591606
937,4.44000005722,4.29044437408,4.39579064051
938,4.51999998093,4.53387641907,4.39268304507
939,4.5,4.2656826973,4.38288372358
940,4.55999994278,4.42981100082,4.38539948463
941,4.51000022888,4.62511205673,4.39419406255
942,4.5,4.54044055939,4.39687601725
943,4.46999979019,4.18957948685,4.39690740903
944,4.40999984741,4.42717075348,4.40185987155
945,4.40999984741,4.51478147507,4.40028039614
946,4.40000009537,4.78858995438,4.42146081924
947,4.38999986649,4.31364583969,4.42357781728
948,4.36999988556,4.39789438248,4.42046012878
949,4.36000013351,4.00911569595,4.41094333331
950,4.34000015259,4.11988210678,4.39669898351
951,4.32999992371,4.46113729477,4.39818986257
952,4.30999994278,3.76397562027,4.37553696632
953,4.28000020981,4.24446439743,4.35684431394
954,4.21999979019,4.23959636688,4.34618703524
955,4.13999986649,4.09131765366,4.33482370377
956,4.17000007629,4.04485177994,4.33527315458
957,4.13999986649,3.90437269211,4.31760635376
958,4.15999984741,4.12059307098,4.30184082985
959,4.17000007629,3.89413404465,4.27779099147
960,4.17000007629,4.2424287796,4.26646906535
961,4.13999986649,4.0794377327,4.2562473615
962,4.09999990463,3.55248689651,4.22318251928
963,4.05999994278,3.96024751663,4.2049876372
964,3.97000002861,3.81573867798,4.18954428037
965,3.79999995232,3.80631160736,4.18842671712
966,3.71000003815,3.96094751358,4.18760228157
967,3.71000003815,3.27883386612,4.1538819313
968,3.69000005722,3.4119515419,4.1164844354
969,3.75999999046,3.66971969604,4.09661900202
970,3.75999999046,3.66082000732,4.07098596891
971,3.75999999046,3.8717675209,4.04587448438
972,3.73000001907,3.81997156143,4.02185885111
973,3.73000001907,3.89627933502,4.01208217939
974,3.71000003815,3.35959863663,3.97649644216
975,3.72000002861,3.912109375,3.95640737216
976,3.72000002861,3.46480607986,3.91228124301
977,3.68000006676,3.34270715714,3.87991662025
978,3.52999997139,3.57701539993,3.8525539875
979,3.34999990463,3.22035551071,3.82626198133
980,3.15000009537,3.40073537827,3.80229042371
981,3.04999995232,3.41252088547,3.7673365434
982,3.13000011444,3.12101650238,3.7459045728
983,3.16000008583,3.30226516724,3.7144979318
984,3.1099998951,3.23300266266,3.68094480832
985,3.13000011444,3.49384260178,3.66102897326
986,3.18000006676,3.04804992676,3.62780224482
987,3.18000006676,3.35703325272,3.60955759684
988,3.18000006676,2.97116565704,3.57124334971
989,3.19000005722,3.54393339157,3.55956999461
990,3.20000004768,3.30814599991,3.52842723529
991,3.19000005722,3.03660774231,3.49366623561
992,3.15000009537,3.41316175461,3.48902206421
993,3.09999990463,3.54678440094,3.47523996035
994,3.06999993324,3.13081359863,3.45240912437
995,3.06999993324,2.98762464523,3.42511955897
996,3.07999992371,3.01043176651,3.39343570073
997,3.04999995232,3.24593544006,3.39233908653
998,3.05999994278,2.99992418289,3.37860484123
999,3.06999993324,3.46510267258,3.37178427378
1000,3.03999996185,3.26943063736,3.35873796145
1001,2.98000001907,3.04078006744,3.33103837967
1002,2.90000009537,2.97875070572,3.30299768448
1003,2.92000007629,3.28057861328,3.28247432709
1004,2.90000009537,3.16405153275,3.27595609029
1005,2.8599998951,2.93128728867,3.24326202075
1006,2.95000004768,3.35646867752,3.239650774
1007,3.0,3.35155582428,3.23994572957
1008,3.0,2.84712362289,3.21561600367
1009,3.08999991417,3.20011377335,3.21494127909
1010,3.04999995232,3.29300785065,3.21135036151
1011,3.0,3.17766189575,3.20352172852
1012,3.05999994278,3.58648061752,3.21903719902
1013,3.17000007629,3.3145160675,3.21944556236
1014,3.09999990463,3.41348457336,3.22546162605
1015,2.91000008583,3.01271772385,3.20942413012
1016,2.99000000954,3.34308481216,3.2192586263
1017,3.03999996185,3.24007511139,3.21536002159
1018,3.02999997139,3.05767822266,3.21824377378
1019,2.95000004768,3.1076669693,3.2037015597
1020,2.93000006676,3.29532003403,3.20327402751
1021,2.91000008583,3.21919107437,3.20936013858
1022,2.91000008583,2.9420633316,3.19365685781
1023,3.00999999046,3.02203559875,3.17616523107
1024,3.00999999046,3.10849237442,3.17542119026
1025,3.0,3.107442379,3.17941511472
1026,2.92000007629,3.19583368301,3.1855951786
1027,2.92000007629,3.17124509811,3.18310550054
1028,2.92000007629,2.95587396622,3.18163715998
1029,2.80999994278,2.9792547226,3.16544222832
1030,2.70000004768,3.02886533737,3.15742338498
1031,2.74000000954,3.065969944,3.15826304754
1032,2.74000000954,3.08673810959,3.16186262767
1033,2.69000005722,3.25867509842,3.1611325105
1034,2.70000004768,2.94593381882,3.15386192004
1035,2.70000004768,3.02071619034,3.15684288343
1036,2.73000001907,2.8887887001,3.14125355085
1037,2.75999999046,2.94274520874,3.12762653033
1038,2.75999999046,3.35340309143,3.14450251261
1039,2.75,3.33710670471,3.14906894366
1040,2.75,3.04763317108,3.14088978767
1041,2.71000003815,3.51031970978,3.15197838147
1042,2.73000001907,3.18750190735,3.13867909114
1043,2.69000005722,2.92063951492,3.12554987272
1044,2.67000007629,2.93580007553,3.10962705612
1045,2.67000007629,2.94156169891,3.10725518862
1046,2.67000007629,3.10094976425,3.09918402036
1047,2.70000004768,2.98426532745,3.09065702756
1048,2.82999992371,3.34818029404,3.10034042994
1049,2.88000011444,3.05875253677,3.09870994886
1050,2.99000000954,2.95769643784,3.08745582898
1051,2.99000000954,2.94361829758,3.07827006976
1052,3.00999999046,3.43382072449,3.09466198285
1053,3.09999990463,3.04992675781,3.09559168816
1054,3.1400001049,3.05015563965,3.09364713033
1055,3.05999994278,2.95524549484,3.08857390086
1056,3.03999996185,3.24110460281,3.09008293152
1057,3.03999996185,3.01355314255,3.084826533
1058,3.03999996185,3.33287811279,3.09739333789
1059,3.04999995232,3.13178443909,3.10247766177
1060,3.1400001049,2.92755556107,3.09910066923
1061,3.18000006676,2.95635890961,3.09544696808
1062,3.28999996185,3.26686000824,3.10145103137
1063,3.40000009537,3.10957670212,3.09648108482
1064,3.29999995232,3.19994926453,3.10494826635
1065,3.26999998093,3.12992334366,3.10858850479
1066,3.29999995232,3.33092880249,3.1233265082
1067,3.23000001907,2.99765014648,3.1251566728
1068,3.13000011444,3.12292480469,3.11747406324
1069,3.13000011444,3.16575860977,3.11176246007
1070,3.15000009537,3.03171682358,3.11123191516
1071,3.19000005722,2.92175769806,3.09161318143
1072,3.17000007629,3.05397891998,3.08716241519
1073,3.1400001049,3.04408931732,3.0912774086
1074,3.16000008583,3.01145601273,3.09379927317
1075,3.16000008583,3.14344072342,3.10052857399
1076,3.15000009537,3.00295114517,3.09726195335
1077,3.1400001049,3.04074430466,3.09914458593
1078,3.1400001049,3.03453683853,3.08868980408
1079,3.15000009537,2.94921731949,3.08503863017
1080,3.16000008583,2.90781021118,3.08337575595
1081,3.18000006676,3.02276754379,3.08601406415
1082,3.21000003815,3.04248285294,3.07296946843
1083,3.23000001907,3.02443790436,3.07211983999
1084,3.23000001907,2.99769973755,3.07037130992
1085,3.20000004768,3.3014998436,3.08191312154
1086,3.18000006676,2.99538373947,3.0737224261
1087,3.13000011444,3.25992107391,3.08193469048
1088,3.15000009537,3.02535390854,3.07168388367
1089,3.15000009537,3.00429105759,3.06743410428
1090,3.15000009537,3.14189624786,3.07457879384
1091,3.11999988556,3.03449678421,3.07718338966
1092,3.09999990463,2.89753866196,3.06487267812
1093,3.07999992371,2.79220676422,3.05429368019
1094,3.07999992371,3.03473472595,3.04878652891
1095,3.07999992371,3.14289999008,3.04921908379
1096,3.13000011444,3.14256286621,3.04294021924
1097,3.13000011444,3.57134580612,3.0620634079
1098,3.16000008583,3.16095924377,3.06333122253
1099,3.16000008583,3.19984197617,3.06446733475
1100,3.16000008583,3.1582159996,3.06868397395
1101,3.16000008583,2.94537734985,3.06947129567
1102,3.16000008583,3.11601161957,3.07153905233
1103,3.17000007629,3.41710948944,3.08397305806
1104,3.18000006676,3.07168912888,3.0859808286
1105,3.18000006676,3.13882732391,3.08582704862
1106,3.19000005722,3.1653881073,3.09124161402
1107,3.19000005722,3.24860858917,3.09817042351
1108,3.20000004768,2.94195890427,3.09508449237
1109,3.20000004768,3.23402929306,3.10457822482
1110,3.20000004768,3.17481327057,3.1134783268
1111,3.21000003815,3.03072500229,3.11374357541
1112,3.18000006676,3.08080339432,3.11502092679
1113,3.16000008583,2.91588592529,3.11140252749
1114,3.1400001049,3.12223386765,3.11555366516
1115,3.16000008583,2.98680305481,3.1050637722
1116,3.16000008583,3.26010036469,3.11388765971
1117,3.16000008583,3.20099115372,3.11192332904
1118,3.16000008583,3.10873985291,3.11470286051
1119,3.16000008583,3.27000665665,3.12356004715
1120,3.15000009537,3.18167066574,3.12488586108
1121,3.13000011444,3.20125865936,3.13044459025
1122,3.1099998951,3.20322942734,3.14063428243
1123,3.1099998951,3.07363271713,3.15001514753
1124,3.1099998951,3.26747322083,3.15777309736
1125,3.09999990463,3.05778169632,3.1549358209
1126,3.07999992371,2.97269821167,3.14927366575
1127,3.06999993324,3.23499536514,3.13806198438
1128,3.06999993324,3.11317110062,3.13646904627
1129,3.06999993324,3.10446357727,3.13328976631
1130,3.06999993324,2.9232673645,3.12545814514
1131,3.03999996185,3.08027553558,3.12995475133
1132,3.02999997139,2.95042943954,3.12443534533
1133,3.02999997139,3.14239120483,3.11527806918
1134,3.02999997139,3.39165306091,3.12594353358
1135,3.03999996185,2.9521689415,3.1197215875
1136,3.03999996185,3.02431249619,3.11501906713
1137,3.03999996185,3.13588094711,3.11126147906
1138,3.03999996185,3.27794790268,3.12246111234
1139,3.03999996185,3.19768381119,3.12124959628
1140,3.04999995232,3.1828918457,3.12151888212
1141,3.03999996185,3.24141120911,3.12854175568
1142,3.03999996185,3.16253423691,3.1312661171
1143,3.03999996185,2.97717237473,3.13330899874
1144,3.05999994278,3.04425764084,3.13070979118
1145,3.04999995232,3.25516700745,3.13965525627
1146,3.06999993324,3.02098894119,3.13168487549
1147,3.13000011444,3.00978422165,3.12531131109
1148,3.15000009537,2.90227127075,3.11842902501
1149,3.15000009537,3.10847187042,3.11304453214
1150,3.15000009537,3.10822057724,3.11059619586
1151,3.17000007629,3.33684825897,3.11511584918
1152,3.17000007629,3.19373369217,3.11479932467
1153,3.19000005722,3.10239028931,3.11575791041
1154,3.19000005722,3.12694787979,3.11107373238
1155,3.15000009537,3.05798101425,3.11108037631
1156,3.13000011444,3.15576887131,3.11718273163
1157,3.15000009537,3.03836154938,3.1106282711
1158,3.15000009537,3.35020828247,3.1185295105
1159,3.19000005722,3.35563755035,3.12690197627
1160,3.23000001907,3.34016132355,3.14079844157
1161,3.24000000954,3.44469165802,3.15294564565
1162,3.25,3.1296081543,3.15891826948
1163,3.25999999046,3.27180767059,3.16323215167
1164,3.25,3.09187030792,3.15323939323
1165,3.24000000954,3.34663629532,3.16638830503
1166,3.23000001907,3.25178956985,3.17397087415
1167,3.23000001907,3.25502300262,3.177942276
1168,3.25,3.2746348381,3.17783184052
1169,3.26999998093,3.2901391983,3.18091368675
1170,3.26999998093,3.17749881744,3.18073391914
1171,3.26999998093,3.47181367874,3.18841400146
1172,3.30999994278,3.40230512619,3.19640636444
1173,3.30999994278,3.47708654404,3.21307017008
1174,3.30999994278,3.37128782272,3.22397117615
1175,3.32999992371,3.47137403488,3.23117807706
1176,3.38000011444,3.41906833649,3.24444739024
1177,3.44000005722,3.38576745987,3.25698016485
1178,3.45000004768,3.42565727234,3.2744263649
1179,3.48000001907,3.52581167221,3.28833769162
1180,3.47000002861,3.36048936844,3.29674665133
1181,3.45000004768,3.45744562149,3.30076656342
1182,3.45000004768,2.97022914886,3.29331641197
1183,3.46000003815,3.27906131744,3.29920544624
1184,3.50999999046,3.52337837219,3.31241979599
1185,3.49000000954,3.50427865982,3.32729638418
1186,3.5,3.38031053543,3.33478110631
1187,3.49000000954,3.29565858841,3.34335767428
1188,3.5,3.65925502777,3.35365923246
1189,3.5,3.70835971832,3.36541663806
1190,3.51999998093,3.62265539169,3.37483310699
1191,3.51999998093,3.54686737061,3.37823896408
1192,3.51999998093,3.62835741043,3.39486393929
1193,3.51999998093,3.29159116745,3.39552338918
1194,3.51999998093,3.51875209808,3.40975278219
1195,3.51999998093,3.75639247894,3.42341132164
1196,3.51999998093,3.4445681572,3.42983727455
1197,3.51999998093,3.20471048355,3.42816019058
1198,3.51999998093,3.53882360458,3.4369664828
1199,3.51999998093,3.4483757019,3.44224103292
1200,3.51999998093,3.33392620087,3.44745527903
1201,3.52999997139,3.44980716705,3.44672172864
1202,3.51999998093,3.59185218811,3.45303996404
1203,3.52999997139,3.29836320877,3.44708251953
1204,3.49000000954,3.67215490341,3.45711142222
1205,3.5,3.45389175415,3.45652867953
1206,3.49000000954,3.38595247269,3.4554248174
1207,3.48000001907,3.50412464142,3.45937005679
1208,3.48000001907,3.34090852737,3.45654509862
1209,3.48000001907,3.68458271027,3.46183746656
1210,3.48000001907,3.52016592026,3.46716001829
1211,3.5,3.5307393074,3.46960314115
1212,3.49000000954,3.41738033295,3.48450818062
1213,3.47000002861,3.44637537003,3.4900853157
1214,3.43000006676,3.63619375229,3.49384582837
1215,3.43000006676,3.6268324852,3.49793095589
1216,3.43000006676,3.33542060852,3.49643462499
1217,3.45000004768,3.38922452927,3.49955348969
1218,3.47000002861,3.51591444016,3.4947754701
1219,3.46000003815,3.78175401688,3.49722194672
1220,3.46000003815,3.2478966713,3.48472998937
1221,3.45000004768,3.37475204468,3.47899281184
1222,3.46000003815,3.7302942276,3.48239070574
1223,3.47000002861,3.61597967148,3.49320365588
1224,3.50999999046,3.48391437531,3.49204239845
1225,3.51999998093,3.34327745438,3.47827189763
1226,3.50999999046,3.42774438858,3.47771110535
1227,3.50999999046,3.43466711044,3.48537632624
1228,3.50999999046,3.88360595703,3.49686907132
1229,3.50999999046,3.61260557175,3.50234340032
1230,3.49000000954,3.57310247421,3.51031594276
1231,3.5,3.81458425522,3.52247517904
1232,3.50999999046,3.32329845428,3.51352338791
1233,3.50999999046,3.67333602905,3.52602248192
1234,3.54999995232,3.56353902817,3.52240195274
1235,3.54999995232,3.38565731049,3.52012747129
1236,3.59999990463,4.09350585938,3.54371258418
1237,3.63000011444,3.44658899307,3.54179472923
1238,3.68000006676,3.71542072296,3.55427846909
1239,3.70000004768,4.26776409149,3.57371784846
1240,3.71000003815,3.91741704941,3.58695955276
1241,3.68000006676,3.63893175125,3.59056596756
1242,3.68000006676,3.76076602936,3.60201215744
1243,3.69000005722,3.6683049202,3.60940980911
1244,3.66000008583,3.83566665649,3.61605890592
1245,3.69000005722,3.6754655838,3.61768000921
1246,3.69000005722,3.90876197815,3.63679138819
1247,3.69000005722,3.77243375778,3.64956502914
1248,3.69000005722,3.62075614929,3.65305975278
1249,3.68000006676,3.93273210526,3.65809235573
1250,3.69000005722,4.04785203934,3.68475753466
1251,3.69000005722,3.55732250214,3.69084321658
1252,3.69000005722,3.92652130127,3.69738411903
1253,3.70000004768,4.06344985962,3.71229979197
1254,3.72000002861,4.00443792343,3.72965057691
1255,3.73000001907,3.80539131165,3.74505437215
1256,3.73000001907,3.65651416779,3.75268003146
1257,3.73000001907,3.52027988434,3.75553379059
1258,3.70000004768,4.17213010788,3.76515126228
1259,3.69000005722,3.55341339111,3.7631781896
1260,3.69000005722,3.93391084671,3.77520513535
1261,3.69000005722,3.86364364624,3.77684044838
1262,3.70000004768,3.39604997635,3.77926549911
1263,3.69000005722,3.24747371674,3.7650700887
1264,3.69000005722,3.54542350769,3.76446623802
1265,3.66000008583,3.70667600632,3.77516686122
1266,3.67000007629,3.07628250122,3.74125941594
1267,3.65000009537,3.79894971848,3.75300477346
1268,3.65000009537,3.64084529877,3.75051892598
1269,3.65000009537,3.79536151886,3.73477217356
1270,3.57999992371,3.32487535477,3.71502078374
1271,3.55999994278,3.58630371094,3.71326651573
1272,3.56999993324,3.6545882225,3.7097272555
1273,3.56999993324,3.46979284286,3.70311018626
1274,3.58999991417,3.70990276337,3.69891805649
1275,3.59999990463,3.75230264664,3.70147929192
1276,3.61999988556,3.42837047577,3.68546624184
1277,3.63000011444,3.69008302689,3.68272121747
1278,3.63000011444,3.69616413116,3.68523481687
1279,3.63000011444,3.5219950676,3.67154358228
1280,3.63000011444,3.53774785995,3.65454010963
1281,3.63000011444,3.4865603447,3.65218137105
1282,3.63000011444,3.73061180115,3.64565105438
1283,3.63000011444,3.41880178452,3.62416278521
1284,3.6400001049,3.73038625717,3.61502772967
1285,3.6400001049,3.85970592499,3.61683821678
1286,3.65000009537,3.58363962173,3.61440906525
1287,3.65000009537,3.76020050049,3.62240641912
1288,3.66000008583,3.55107307434,3.601704518
1289,3.66000008583,3.62688446045,3.60415355364
1290,3.65000009537,3.52611494064,3.59056035678
1291,3.65000009537,3.4341135025,3.57624268532
1292,3.6400001049,3.54729652405,3.58128423691
1293,3.6400001049,4.01217794418,3.60677437782
1294,3.6400001049,3.71825504303,3.612535429
1295,3.6400001049,3.73821115494,3.61358660062
1296,3.66000008583,3.78455209732,3.63719558716
1297,3.66000008583,3.70927095413,3.63420629501
1298,3.6400001049,3.74237585068,3.63759064674
1299,3.65000009537,3.44331169128,3.62585565249
1300,3.66000008583,3.63509702682,3.63619637489
1301,3.67000007629,3.825258255,3.64416152636
1302,3.67000007629,3.91056394577,3.65269405047
1303,3.71000003815,3.75184202194,3.66209568977
1304,3.69000005722,3.71457290649,3.66225136121
1305,3.69000005722,3.87957239151,3.66649368604
1306,3.69000005722,3.80814123154,3.67915271123
1307,3.66000008583,3.59470796585,3.67597354253
1308,3.6400001049,3.42551088333,3.6669517676
1309,3.66000008583,3.47930049896,3.66552861532
1310,3.63000011444,3.59589481354,3.6674668471
1311,3.59999990463,3.67774248123,3.67383958499
1312,3.57999992371,3.63987159729,3.67081491152
1313,3.55999994278,3.49833631516,3.67346606255
1314,3.58999991417,3.54628753662,3.66732943853
1315,3.57999992371,3.57567214966,3.65786164602
1316,3.53999996185,3.51236772537,3.65548591614
1317,3.5,3.56209659576,3.64888245265
1318,3.46000003815,3.46128177643,3.64588940938
1319,3.5,3.62399339676,3.64579304059
1320,3.47000002861,3.45130586624,3.64329940478
1321,3.47000002861,3.45764827728,3.64408389727
1322,3.47000002861,3.58448839188,3.6453236262
1323,3.46000003815,3.49719285965,3.62815745672
1324,3.45000004768,3.52667188644,3.6217713515
1325,3.46000003815,3.37889480591,3.60979413986
1326,3.46000003815,3.52608728409,3.60117864609
1327,3.49000000954,3.54251384735,3.59562007586
1328,3.48000001907,3.6100230217,3.5912083149
1329,3.50999999046,3.44300889969,3.59119822184
1330,3.50999999046,3.45162630081,3.58508253098
1331,3.46000003815,3.36548137665,3.56975663503
1332,3.44000005722,3.23320198059,3.54717790286
1333,3.38000011444,3.36613035202,3.53432084719
1334,3.3599998951,3.6622004509,3.53257509867
1335,3.33999991417,3.41529607773,3.51709922155
1336,3.31999993324,3.52141237259,3.50754159292
1337,3.34999990463,3.44279718399,3.50247790019
1338,3.34999990463,3.49179315567,3.50468730927
1339,3.3599998951,3.56465387344,3.50753242175
1340,3.38000011444,3.47395277023,3.50346768697
1341,3.40000009537,3.46206474304,3.49627842903
1342,3.46000003815,3.36414003372,3.48708737691
1343,3.45000004768,3.43215990067,3.48488149643
1344,3.45000004768,3.08376836777,3.4694641908
1345,3.43000006676,3.67454528809,3.47275996208
1346,3.38000011444,3.54313182831,3.47378543218
1347,3.3599998951,3.172727108,3.46080644925
1348,3.38000011444,3.47446393967,3.4612458547
1349,3.42000007629,3.57354974747,3.45956439972
1350,3.41000008583,3.27771425247,3.45377801259
1351,3.40000009537,3.48241233826,3.45460348129
1352,3.42000007629,3.34671878815,3.44667782784
1353,3.46000003815,3.26466083527,3.43892676036
1354,3.48000001907,3.59404277802,3.44117245674
1355,3.5,3.45858430862,3.4438287735
1356,3.48000001907,3.35138273239,3.43800528844
1357,3.47000002861,3.39400339127,3.43305493991
1358,3.48000001907,3.39778375626,3.42598029772
1359,3.5,3.23990249634,3.41921008428
1360,3.51999998093,3.37067556381,3.41651172638
1361,3.54999995232,3.63931894302,3.42563964526
1362,3.54999995232,3.28784513474,3.42746108373
1363,3.52999997139,3.30766057968,3.42551209132
1364,3.5,3.37987375259,3.41610120138
1365,3.5,3.29051399231,3.41194179853
1366,3.50999999046,3.33017873764,3.40556734403
1367,3.48000001907,3.31064414978,3.40116224289
1368,3.41000008583,3.63160419464,3.40582261086
1369,3.41000008583,3.4965057373,3.40355100632
1370,3.44000005722,3.60228681564,3.40782880783
1371,3.41000008583,3.11040496826,3.39610681534
1372,3.41000008583,3.10281801224,3.38739608129
1373,3.36999988556,3.00277471542,3.37308324178
1374,3.38000011444,3.35767841339,3.38221357663
1375,3.34999990463,2.94432544708,3.35787291527
1376,3.3599998951,3.12722635269,3.34400939941
1377,3.3599998951,3.2918138504,3.34797895749
1378,3.38000011444,3.17373037338,3.33795450528
1379,3.3599998951,3.21472167969,3.32599356969
1380,3.34999990463,3.04588413239,3.31826589902
1381,3.26999998093,3.22637176514,3.30973121325
1382,3.29999995232,3.13982629776,3.30283479691
1383,3.29999995232,3.21246814728,3.30109504064
1384,3.27999997139,3.15688180923,3.28652300835
1385,3.26999998093,3.34628725052,3.28277977308
1386,3.26999998093,3.35455703735,3.28288558324
1387,3.23000001907,3.35046195984,3.28143420219
1388,3.21000003815,3.25749874115,3.27675803502
1389,3.19000005722,3.57014656067,3.2877661705
1390,3.21000003815,3.41067790985,3.28909958204
1391,3.20000004768,3.53359508514,3.28557545344
1392,3.23000001907,3.16588449478,3.28151009878
1393,3.20000004768,3.29205846786,3.28099002838
1394,3.23000001907,3.40149784088,3.28171083132
1395,3.24000000954,3.16824197769,3.2776350975
1396,3.25,3.39733409882,3.27987360954
1397,3.24000000954,3.41559505463,3.28337197304
1398,3.26999998093,3.40448236465,3.27580124537
1399,3.26999998093,3.04674863815,3.26080934207
1400,3.25,3.35217571259,3.2524723053
1401,3.25,3.42953586578,3.26311000188
1402,3.23000001907,3.44525003433,3.27452440262
1403,3.24000000954,3.1246175766,3.27858583132
1404,3.27999997139,3.10482501984,3.27015738487
1405,3.28999996185,3.3544178009,3.28382713
1406,3.32999992371,3.34491729736,3.29108349482
1407,3.32999992371,3.39672327042,3.29458047549
1408,3.32999992371,3.19573926926,3.29531410535
1409,3.32999992371,3.21275806427,3.2952486515
1410,3.38000011444,3.31488370895,3.30421530406
1411,3.3900001049,3.09470653534,3.29982646306
1412,3.38000011444,3.27994441986,3.30449706713
1413,3.41000008583,3.23900413513,3.30538160006
1414,3.42000007629,3.09091520309,3.30318271319
1415,3.38000011444,3.2117562294,3.29869834582
1416,3.33999991417,3.09238147736,3.28995916049
1417,3.28999996185,3.27305936813,3.2873790741
1418,3.27999997139,3.22698402405,3.28636191686
1419,3.27999997139,3.23410844803,3.27516064644
1420,3.26999998093,3.49879789352,3.27809797923
1421,3.25,3.33468580246,3.2714676698
1422,3.22000002861,3.52301883698,3.28337214788
1423,3.22000002861,3.43870353699,3.28826031685
1424,3.24000000954,3.41262817383,3.28863132795
1425,3.23000001907,3.4990606308,3.29965861638
1426,3.21000003815,3.48620319366,3.30262091955
1427,3.18000006676,3.63308048248,3.30987043381
1428,3.17000007629,3.39111042023,3.30942470233
1429,3.18000006676,3.61647748947,3.32841566404
1430,3.20000004768,3.41839170456,3.33062286377
1431,3.19000005722,3.62354469299,3.33708982468
1432,3.21000003815,3.57296657562,3.34134704272
1433,3.21000003815,3.45165538788,3.3522483031
1434,3.22000002861,3.06751012802,3.35100447337
1435,3.25,3.60888814926,3.35948681831
1436,3.27999997139,3.43577432632,3.36251538595
1437,3.27999997139,3.45783615112,3.36455248197
1438,3.29999995232,3.4068813324,3.37159055074
1439,3.29999995232,3.61872005463,3.38512261709
1440,3.29999995232,3.37711620331,3.38719703356
1441,3.30999994278,3.53792333603,3.40197092692
1442,3.30999994278,3.20641803741,3.39952004751
1443,3.29999995232,3.31277704239,3.40197914441
1444,3.29999995232,3.22600269318,3.40648206075
1445,3.28999996185,3.31391334534,3.40988729795
1446,3.29999995232,3.19421339035,3.41328169505
1447,3.29999995232,3.26189041138,3.41290939649
1448,3.26999998093,3.55995416641,3.42400840123
1449,3.22000002861,3.375020504,3.42870546977
1450,3.24000000954,3.45687437057,3.427308019
1451,3.25,3.37750864029,3.42873544693
1452,3.25,3.25842618942,3.41991569201
1453,3.25,3.35992431641,3.41728971799
1454,3.25,3.11783075333,3.40746313731
1455,3.24000000954,3.39891767502,3.40412503878
1456,3.23000001907,3.41109371185,3.40162138939
1457,3.22000002861,3.42491149902,3.39468242327
1458,3.22000002861,3.23946046829,3.38962742488
1459,3.23000001907,3.51936864853,3.38639046351
1460,3.24000000954,3.48320484161,3.38855090141
1461,3.23000001907,3.20884799957,3.3747276783
1462,3.23000001907,3.09735298157,3.35887389183
1463,3.24000000954,3.56974124908,3.3628100872
1464,3.24000000954,3.37404727936,3.37302799225
1465,3.24000000954,3.33512401581,3.36390252113
1466,3.25999999046,3.27780294418,3.3586368084
1467,3.26999998093,3.39700031281,3.35660894712
1468,3.25999999046,3.42185783386,3.35710816383
1469,3.26999998093,3.08014774323,3.33915575345
1470,3.29999995232,3.16404104233,3.33205324809
1471,3.32999992371,3.21834373474,3.32140059471
1472,3.31999993324,3.6053314209,3.33469770749
1473,3.33999991417,3.0433883667,3.32571808497
1474,3.33999991417,3.10072803497,3.32154226303
1475,3.34999990463,3.43413972855,3.32554980914
1476,3.34999990463,3.20850801468,3.32602629662
1477,3.33999991417,3.31375217438,3.32775502205
1478,3.33999991417,3.34967756271,3.32074580193
1479,3.33999991417,3.56558799744,3.32709805171
1480,3.33999991417,3.32255887985,3.32262086868
1481,3.33999991417,3.3335647583,3.32115607262
1482,3.33999991417,3.53545475006,3.33039035797
1483,3.33999991417,3.3844408989,3.33120757739
1484,3.32999992371,3.3382358551,3.33855441411
1485,3.31999993324,3.10503482819,3.32875831922
1486,3.31999993324,3.42142295837,3.32910262744
1487,3.32999992371,3.02091693878,3.31563614209
1488,3.3599998951,3.68998098373,3.33065349261
1489,3.40000009537,3.30093717575,3.32337244352
1490,3.42000007629,3.45508050919,3.32243496577
1491,3.43000006676,3.25015258789,3.32381178538
1492,3.43000006676,3.41353368759,3.33435114225
1493,3.42000007629,3.39149475098,3.32840959231
1494,3.42000007629,3.28679180145,3.32550107638
1495,3.42000007629,3.40953588486,3.32798147202
1496,3.61999988556,3.69699573517,3.34195456505
1497,3.6400001049,3.52925014496,3.34636289279
1498,3.6400001049,3.74104690552,3.35700252851
1499,3.6400001049,3.55358791351,3.37278386752
1500,3.69000005722,3.63909435272,3.38861897786
1501,3.70000004768,3.78110218048,3.40737759272
1502,3.69000005722,3.56320238113,3.4059732914
1503,3.68000006676,3.49440288544,3.42100710869
1504,3.69000005722,3.39245700836,3.4307314078
1505,3.75,3.65269756317,3.43801666896
1506,3.80999994278,3.70529651642,3.45457628568
1507,3.83999991417,3.44259023666,3.45887088776
1508,3.84999990463,3.44852972031,3.46216595968
1509,3.83999991417,3.36522769928,3.45548728307
1510,3.83999991417,3.78274536133,3.47082683245
1511,3.92000007629,3.95489597321,3.49153787295
1512,3.95000004768,3.99942445755,3.50700352987
1513,3.95000004768,3.86148929596,3.5229051431
1514,3.95000004768,3.87557888031,3.54081657728
1515,3.91000008583,3.93102645874,3.56834963163
1516,3.8599998951,3.58686208725,3.57386426926
1517,3.82999992371,3.60805368423,3.59343549411
1518,3.86999988556,4.15753602982,3.60902066231
1519,3.92000007629,4.21130943298,3.63936640422
1520,3.93000006676,3.50722742081,3.6411046346
1521,3.95000004768,4.37705135345,3.67866792679
1522,3.97000002861,4.28765916824,3.70780544281
1523,4.01000022888,3.93311023712,3.72585929235
1524,4.0,3.71920824051,3.74027317365
1525,3.97000002861,3.68031024933,3.7492989858
1526,3.8900001049,4.04402732849,3.76086670558
1527,3.8599998951,3.85282754898,3.77165261904
1528,3.86999988556,3.9046831131,3.7771071593
1529,3.86999988556,3.56252574921,3.77740508715
1530,3.83999991417,3.8036236763,3.78288939794
1531,3.8599998951,3.61665582657,3.77740785281
1532,3.90000009537,3.64578104019,3.78016047478
1533,3.8900001049,3.61381721497,3.78414095243
1534,3.84999990463,3.63119649887,3.79209893545
1535,3.84999990463,3.44968271255,3.78533177376
1536,3.81999993324,3.69997167587,3.78515427907
1537,3.79999995232,3.87262964249,3.79948892593
1538,3.80999994278,3.94629192352,3.81608099937
1539,3.78999996185,3.74629354477,3.82878319422
1540,3.79999995232,3.57238006592,3.82177101771
1541,3.79999995232,3.712413311,3.8136882623
1542,3.80999994278,3.9152340889,3.81088191668
1543,3.80999994278,3.71154785156,3.80588386854
1544,3.8900001049,3.67862701416,3.79931880633
1545,3.91000008583,3.90547180176,3.79846698443
1546,3.90000009537,3.88272666931,3.80832913717
1547,3.88000011444,3.76025819778,3.81340262095
1548,3.88000011444,3.89125537872,3.80452659925
1549,3.8599998951,3.99921607971,3.79745682081
1550,3.80999994278,4.01705646515,3.81445112228
1551,3.82999992371,4.14884853363,3.80684436162
1552,3.81999993324,3.87495040894,3.79308740298
1553,3.83999991417,3.840321064,3.78999443054
1554,3.86999988556,3.89663267136,3.79590857824
1555,3.8599998951,4.16997861862,3.81223085721
1556,3.88000011444,4.09462881088,3.81391757329
1557,3.92000007629,4.15332984924,3.82393431664
1558,3.97000002861,4.17074632645,3.83280309041
1559,4.0,3.96103096008,3.84608659744
1560,3.98000001907,4.11599445343,3.85649895668
1561,3.97000002861,4.16746997833,3.87485942841
1562,3.98000001907,3.92941379547,3.88431385358
1563,3.99000000954,4.19455862045,3.90367190043
1564,4.01999998093,3.77997207642,3.90863108635
1565,4.0,3.90562677383,3.92382922173
1566,4.01000022888,3.80386066437,3.92729218801
1567,4.01000022888,4.13050985336,3.93588819504
1568,4.01000022888,3.84622144699,3.93255251249
1569,4.01999998093,3.94828462601,3.93928554853
1570,4.01999998093,4.05799531937,3.95547272364
1571,4.01999998093,4.27434396744,3.97420374552
1572,4.09999990463,4.44155406952,3.99174774488
1573,4.11999988556,4.08021831512,4.00403676033
1574,4.11000013351,3.98987627029,4.01441173553
1575,4.11000013351,3.88520622253,4.01373621623
1576,4.05999994278,4.26419782639,4.02645192146
1577,4.05000019073,4.00422954559,4.03458429972
1578,4.05000019073,4.18405675888,4.04434434573
1579,4.03999996185,3.9294462204,4.04201868375
1580,4.05000019073,4.04407167435,4.04291919072
1581,4.07000017166,4.0076007843,4.03821093241
1582,4.03999996185,3.89733695984,4.03895715078
1583,3.99000000954,3.95072746277,4.04263736407
1584,3.91000008583,4.46508169174,4.06158566475
1585,3.96000003815,4.13243436813,4.06033418973
1586,3.93000006676,4.1363286972,4.06172418594
1587,3.93000006676,4.0754108429,4.05912688573
1588,3.92000007629,4.01665401459,4.05399047534
1589,3.93000006676,3.86464452744,4.05077759425
1590,3.94000005722,4.02465248108,4.04773286184
1591,3.94000005722,4.05022859573,4.04382481575
1592,3.91000008583,3.78842687607,4.03912525177
1593,3.8900001049,3.985206604,4.03214685122
1594,3.93000006676,3.8899769783,4.03581368128
1595,3.93000006676,3.76839160919,4.0312391758
1596,3.91000008583,4.08060836792,4.04046409925
1597,3.86999988556,3.79069423676,4.02913691203
1598,3.8599998951,3.98321866989,4.03370348612
1599,3.82999992371,3.86633205414,4.03097173373
1600,3.84999990463,3.98116064072,4.02841057777
1601,3.88000011444,4.01896619797,4.01989798546
1602,3.90000009537,3.79687976837,3.99840884209
1603,3.90000009537,3.6171579361,3.98297349612
1604,3.88000011444,3.98156166077,3.98269634247
1605,3.86999988556,3.85492181778,3.98168686231
1606,3.88000011444,3.82396602631,3.96701246897
1607,3.90000009537,3.91277503967,3.96396398544
1608,3.91000008583,3.79014873505,3.95083371798
1609,3.91000008583,3.68206214905,3.94258758227
1610,3.91000008583,3.81876659393,3.93507741292
1611,3.91000008583,3.69731283188,3.92473448118
1612,3.92000007629,3.61051559448,3.915173769
1613,3.92000007629,4.02199077606,3.91754921277
1614,3.91000008583,4.04394674301,3.90351138115
1615,3.8900001049,3.76129722595,3.89114014308
1616,3.86999988556,3.90561008453,3.88344952265
1617,3.86999988556,3.95241546631,3.87934967677
1618,3.86999988556,3.85116147995,3.87383325895
1619,3.86999988556,4.02939987183,3.87932510376
1620,3.90000009537,3.81191921234,3.8722339948
1621,3.8900001049,3.98456764221,3.87004529635
1622,3.8900001049,3.79967021942,3.87042007446
1623,3.8900001049,3.8585100174,3.86619685491
1624,3.90000009537,3.63323116302,3.85763866107
1625,3.90000009537,3.8715004921,3.86107562383
1626,3.90000009537,3.85607481003,3.8535911719
1627,3.88000011444,4.15946769714,3.86588362058
1628,3.86999988556,3.91560792923,3.86362992922
1629,3.86999988556,3.71535015106,3.85859719912
1630,3.88000011444,3.73065376282,3.85024696986
1631,3.88000011444,3.80146884918,3.84299705823
1632,3.86999988556,3.92666769028,3.8473233223
1633,3.82999992371,3.56069755554,3.84544130961
1634,3.83999991417,3.67656469345,3.83527474403
1635,3.82999992371,3.72374534607,3.83090219498
1636,3.82999992371,3.8915719986,3.83315572739
1637,3.81999993324,3.47704553604,3.8186314106
1638,3.83999991417,3.82115030289,3.81966479619
1639,3.83999991417,3.82526779175,3.82443831762
1640,3.82999992371,3.64583492279,3.81867392858
1641,3.82999992371,3.61514854431,3.81593511899
1642,3.82999992371,3.5263838768,3.8131307284
1643,3.83999991417,3.54668045044,3.79728705088
1644,3.83999991417,3.674243927,3.78496362368
1645,3.83999991417,3.86211967468,3.78832437197
1646,3.83999991417,3.94546556473,3.78965288798
1647,3.83999991417,3.91153335571,3.78829015096
1648,3.81999993324,3.97643852234,3.79246605237
1649,3.82999992371,3.42345952988,3.77226804097
1650,3.82999992371,3.9751329422,3.77770849864
1651,3.82999992371,3.84513759613,3.77306083043
1652,3.82999992371,3.84803438187,3.77467296918
1653,3.82999992371,3.98071908951,3.77874660492
1654,3.82999992371,3.81319141388,3.78474527995
1655,3.8599998951,3.70186853409,3.77909088135
1656,3.86999988556,4.18713998795,3.79012638728
1657,3.8900001049,4.23034334183,3.79248890877
1658,3.90000009537,4.03428125381,3.79644468625
1659,3.94000005722,3.78817796707,3.79887228012
1660,4.0,4.01495552063,3.80834900538
1661,3.98000001907,3.82021665573,3.80897393227
1662,3.98000001907,3.98407649994,3.81088755925
1663,3.94000005722,3.9056892395,3.82238728205
1664,3.90000009537,4.2400598526,3.84117045403
1665,3.96000003815,3.98388004303,3.84984161059
1666,3.97000002861,3.8603887558,3.84880216916
1667,3.90000009537,3.65107774734,3.85460324287
1668,3.86999988556,4.27713775635,3.86980282466
1669,3.88000011444,4.05561208725,3.87748096784
1670,3.88000011444,4.23423337936,3.89709424973
1671,3.8900001049,3.74973392487,3.90158042908
1672,3.88000011444,3.77716350555,3.90993975004
1673,3.88000011444,3.95963048935,3.92370475133
1674,3.8900001049,4.2025103569,3.94131363233
1675,3.91000008583,3.99439620972,3.94572285016
1676,3.90000009537,3.89569568634,3.94406385422
1677,3.8900001049,4.2421579361,3.95508467356
1678,3.8900001049,4.12211418152,3.95994052887
1679,3.8900001049,3.69512939453,3.96899619102
1680,3.8900001049,4.17164230347,3.97554650307
1681,3.92000007629,4.05513572693,3.98254644076
1682,3.93000006676,3.66626358032,3.97648741404
1683,3.96000003815,4.1103181839,3.98080738386
1684,4.01000022888,3.80069541931,3.9803908507
1685,4.07000017166,4.21206140518,3.99739727974
1686,4.09000015259,3.85211324692,3.98622972171
1687,4.07000017166,4.01954889297,3.97920324008
1688,4.07000017166,3.78307151794,3.97082958221
1689,4.07999992371,3.81391716003,3.97168755531
1690,4.09000015259,4.00559091568,3.97137540181
1691,4.05999994278,4.22332954407,3.98481249809
1692,4.05000019073,3.81014919281,3.97901492119
1693,4.05000019073,3.85999679565,3.97749183973
1694,4.05999994278,3.93679618835,3.96738305092
1695,4.11999988556,4.02500629425,3.96875392596
1696,4.09000015259,3.63590812683,3.96127123833
1697,4.03999996185,4.11644363403,3.97678343455
